1,2001,2.84375,0,0.1,0.2,0.3,0.4,0.5,0.6,1,0.7,0.8,0.9,0.10,0.11,0.12
1,2001,2.84375,0,0,0,0,0,0,0,0,0,0,0,1,0,0
2,2001,2.909090909090909,0,0,0,0,1,0,0,0,0,0,0,0,0,0
2,2001,2.909090909090909,0,0,0,0,0,0,0,0,0,0,0,1,0,0
3,2001,2.935897435897436,0,0,0,0,0,0,0,0,0,1,0,0,0,0
3,2001,2.935897435897436,0,0,0,0,0,0,0,0,0,0,0,0,0,1
4,2001,2.772727272727273,0,0,0,0,1,0,0,0,0,0,0,0,0,0
4,2001,2.772727272727273,0,0,0,0,0,0,0,0,0,0,0,1,0,0
5,2001,2.4166666666666665,0,0,0,0,1,0,0,0,0,0,0,0,0,0
5,2001,2.4166666666666665,0,0,0,0,0,0,0,0,1,0,0,0,0,0
5,2001,2.4166666666666665,0,0,0,0,0,0,0,0,0,0,0,1,0,0
6,2001,3.347826086956522,1,0,0,0,0,0,0,0,0,0,0,0,0,0
6,2001,3.347826086956522,0,0,0,0,1,0,0,0,0,0,0,0,0,0
7,2001,3.0,0,0,0,0,0,0,0,0,0,0,0,0,0,1
8,2001,2.15,0,0,0,0,1,0,0,0,0,0,0,0,0,0
8,2001,2.15,0,0,0,0,0,1,0,0,0,0,0,0,0,0
8,2001,2.15,0,0,0,0,0,0,0,0,0,0,0,1,0,0
9,2001,2.946428571428572,1,0,0,0,0,0,0,0,0,0,0,0,0,0
9,2001,2.946428571428572,0,1,0,0,0,0,0,0,0,0,0,0,0,0
9,2001,2.946428571428572,0,0,0,1,0,0,0,0,0,0,0,0,0,0
9,2001,2.946428571428572,0,0,0,0,1,0,0,0,0,0,0,0,0,0
10,2001,3.147058823529412,1,0,0,0,0,0,0,0,0,0,0,0,0,0
10,2001,3.147058823529412,0,0,0,0,0,1,0,0,0,0,0,0,0,0
10,2001,3.147058823529412,0,0,0,0,0,0,0,0,0,0,1,0,0,0
10,2001,3.147058823529412,0,0,0,0,0,0,0,0,0,0,0,0,0,1
11,2001,3.813725490196079,0,0,0,0,0,1,0,0,0,0,0,0,0,0
11,2001,3.813725490196079,0,0,0,0,0,0,0,1,0,0,0,0,0,0
12,2001,3.623076923076923,0,0,0,0,1,0,0,0,0,0,0,0,0,0
12,2001,3.623076923076923,0,0,0,0,0,0,0,1,0,0,0,0,0,0
12,2001,3.623076923076923,0,0,0,0,0,0,0,0,0,0,0,1,0,0
13,2001,2.380952380952381,0,1,0,0,0,0,0,0,0,0,0,0,0,0
13,2001,2.380952380952381,0,0,0,0,1,0,0,0,0,0,0,0,0,0
13,2001,2.380952380952381,0,0,0,0,0,0,0,0,0,0,1,0,0,0
13,2001,2.380952380952381,0,0,0,0,0,0,0,0,0,0,0,1,0,0
14,2001,2.1923076923076925,0,0,0,0,1,0,0,0,0,0,0,0,0,0
14,2001,2.1923076923076925,0,0,0,0,0,0,0,1,0,0,0,0,0,0
15,2001,3.088888888888889,1,0,0,0,0,0,0,0,0,0,0,0,0,0
15,2001,3.088888888888889,0,1,0,0,0,0,0,0,0,0,0,0,0,0
15,2001,3.088888888888889,0,0,0,0,1,0,0,0,0,0,0,0,0,0
15,2001,3.088888888888889,0,0,0,0,0,0,0,0,0,0,0,0,0,1
16,2001,3.341463414634146,1,0,0,0,0,0,0,0,0,0,0,0,0,0
16,2001,3.341463414634146,0,0,0,0,1,0,0,0,0,0,0,0,0,0
16,2001,3.341463414634146,0,0,0,0,0,0,0,0,0,0,0,1,0,0
17,2001,3.8676470588235294,0,1,0,0,0,0,0,0,0,0,0,0,0,0
17,2001,3.8676470588235294,0,0,1,0,0,0,0,0,0,0,0,0,0,0
17,2001,3.8676470588235294,0,0,0,1,0,0,0,0,0,0,0,0,0,0
17,2001,3.8676470588235294,0,0,0,0,1,0,0,0,0,0,0,0,0,0
17,2001,3.8676470588235294,0,0,0,0,0,0,0,0,1,0,0,0,0,0
17,2001,3.8676470588235294,0,0,0,0,0,0,0,0,0,0,0,1,0,0
18,2001,2.136363636363636,0,0,0,0,1,0,0,0,0,0,0,0,0,0
19,2001,3.037037037037037,0,0,0,0,1,0,0,0,0,0,0,0,0,0
19,2001,3.037037037037037,0,0,0,0,0,0,0,0,0,0,0,0,1,0
20,2001,3.1029411764705883,1,0,0,0,0,0,0,0,0,0,0,0,0,0
20,2001,3.1029411764705883,0,0,0,0,0,1,0,0,0,0,0,0,0,0
20,2001,3.1029411764705883,0,0,0,0,0,0,0,1,0,0,0,0,0,0
21,2001,3.3421052631578947,0,1,0,0,0,0,0,0,0,0,0,0,0,0
21,2001,3.3421052631578947,0,0,1,0,0,0,0,0,0,0,0,0,0,0
21,2001,3.3421052631578947,0,0,0,1,0,0,0,0,0,0,0,0,0,0
21,2001,3.3421052631578947,0,0,0,0,0,0,0,0,1,0,0,0,0,0
22,2001,2.9,1,0,0,0,0,0,0,0,0,0,0,0,0,0
22,2001,2.9,0,1,0,0,0,0,0,0,0,0,0,0,0,0
23,2001,2.363636363636364,0,0,0,0,1,0,0,0,0,0,0,0,0,0
24,2001,3.066666666666667,1,0,0,0,0,0,0,0,0,0,0,0,0,0
24,2001,3.066666666666667,0,0,0,0,0,1,0,0,0,0,0,0,0,0
24,2001,3.066666666666667,0,0,0,0,0,0,0,0,0,0,0,0,0,1
25,2001,3.3392857142857144,0,1,0,0,0,0,0,0,0,0,0,0,0,0
25,2001,3.3392857142857144,0,0,0,0,0,0,0,1,0,0,0,0,0,0
25,2001,3.3392857142857144,0,0,0,0,0,0,0,0,0,0,0,0,1,0
26,2001,2.8181818181818183,0,0,0,1,0,0,0,0,0,0,0,0,0,0
26,2001,2.8181818181818183,0,0,0,0,1,0,0,0,0,0,0,0,0,0
27,2001,2.6538461538461537,0,0,0,0,1,0,0,0,0,0,0,0,0,0
28,2001,3.3548387096774195,0,1,0,0,0,0,0,0,0,0,0,0,0,0
28,2001,3.3548387096774195,0,0,1,0,0,0,0,0,0,0,0,0,0,0
28,2001,3.3548387096774195,0,0,0,0,0,0,0,0,1,0,0,0,0,0
28,2001,3.3548387096774195,0,0,0,0,0,0,0,0,0,0,0,0,1,0
29,2001,3.15625,0,0,0,0,1,0,0,0,0,0,0,0,0,0
29,2001,3.15625,0,0,0,0,0,0,0,0,0,0,0,1,0,0
30,2001,3.55,1,0,0,0,0,0,0,0,0,0,0,0,0,0
30,2001,3.55,0,0,0,0,0,0,0,1,0,0,0,0,0,0
31,2001,2.8472222222222223,1,0,0,0,0,0,0,0,0,0,0,0,0,0
31,2001,2.8472222222222223,0,1,0,0,0,0,0,0,0,0,0,0,0,0
31,2001,2.8472222222222223,0,0,0,0,0,0,0,0,0,0,0,0,1,0
31,2001,2.8472222222222223,0,0,0,0,0,0,0,0,0,0,0,0,0,1
32,2001,2.583333333333333,0,0,0,0,1,0,0,0,0,0,0,0,0,0
32,2001,2.583333333333333,0,0,0,0,0,0,0,0,0,0,0,1,0,0
33,2001,3.5,0,0,0,0,1,0,0,0,0,0,0,0,0,0
33,2001,3.5,0,0,0,0,0,0,0,1,0,0,0,0,0,0
34,2001,2.7448979591836733,1,0,0,0,0,0,0,0,0,0,0,0,0,0
34,2001,2.7448979591836733,0,1,0,0,0,0,0,0,0,0,0,0,0,0
34,2001,2.7448979591836733,0,0,0,0,0,0,0,1,0,0,0,0,0,0
34,2001,2.7448979591836733,0,0,0,0,0,0,0,0,0,0,0,0,1,0
35,2001,3.037037037037037,0,0,0,1,0,0,0,0,0,0,0,0,0,0
35,2001,3.037037037037037,0,0,0,0,1,0,0,0,0,0,0,0,0,0
35,2001,3.037037037037037,0,0,0,0,0,0,0,0,0,0,0,1,0,0
36,2001,3.370967741935484,1,0,0,0,0,0,0,0,0,0,0,0,0,0
36,2001,3.370967741935484,0,0,0,0,1,0,0,0,0,0,0,0,0,0
37,2001,3.066666666666667,0,0,0,0,1,0,0,0,0,0,0,0,0,0
38,2001,3.627272727272728,0,0,0,0,0,0,0,1,0,0,0,0,0,0
38,2001,3.627272727272728,0,0,0,0,0,0,0,0,0,1,0,0,0,0
38,2001,3.627272727272728,0,0,0,0,0,0,0,0,0,0,1,0,0,0
38,2001,3.627272727272728,0,0,0,0,0,0,0,0,0,0,0,0,0,1
39,2001,3.055555555555556,0,0,0,0,1,0,0,0,0,0,0,0,0,0
40,2001,3.161764705882353,0,1,0,0,0,0,0,0,0,0,0,0,0,0
40,2001,3.161764705882353,0,0,0,0,1,0,0,0,0,0,0,0,0,0
41,2001,3.794117647058824,0,0,0,0,0,1,0,0,0,0,0,0,0,0
41,2001,3.794117647058824,0,0,0,0,0,0,0,1,0,0,0,0,0,0
41,2001,3.794117647058824,0,0,0,0,0,0,0,0,0,0,0,0,0,1
42,2001,3.509259259259259,0,0,0,0,1,0,0,0,0,0,0,0,0,0
43,2001,3.14,0,0,0,0,1,0,0,0,0,0,0,0,0,0
43,2001,3.14,0,0,0,0,0,0,0,0,0,0,0,1,0,0
44,2001,3.65,0,0,0,0,0,1,0,0,0,0,0,0,0,0
44,2001,3.65,0,0,0,0,0,0,0,0,0,1,0,0,0,0
44,2001,3.65,0,0,0,0,0,0,0,0,0,0,1,0,0,0
44,2001,3.65,0,0,0,0,0,0,0,0,0,0,0,0,0,1
45,2001,3.684210526315789,0,0,1,0,0,0,0,0,0,0,0,0,0,0
45,2001,3.684210526315789,0,0,0,0,0,0,0,1,0,0,0,0,0,0
45,2001,3.684210526315789,0,0,0,0,0,0,0,0,1,0,0,0,0,0
46,2001,3.484848484848485,0,0,0,0,0,0,0,1,0,0,0,0,0,0
46,2001,3.484848484848485,0,0,0,0,0,0,0,0,1,0,0,0,0,0
46,2001,3.484848484848485,0,0,0,0,0,0,0,0,0,0,1,0,0,0
46,2001,3.484848484848485,0,0,0,0,0,0,0,0,0,0,0,0,1,0
47,2001,2.458333333333333,0,0,0,0,0,0,0,0,0,1,0,0,0,0
47,2001,2.458333333333333,0,0,0,0,0,0,0,0,0,0,0,0,0,1
48,2001,3.981651376146789,0,0,0,0,0,0,0,1,0,0,0,0,0,0
48,2001,3.981651376146789,0,0,0,0,0,0,0,0,0,0,1,0,0,0
48,2001,3.981651376146789,0,0,0,0,0,0,0,0,0,0,0,0,1,0
48,2001,3.981651376146789,0,0,0,0,0,0,0,0,0,0,0,0,0,1
49,2001,3.735294117647059,0,0,0,0,0,1,0,0,0,0,0,0,0,0
49,2001,3.735294117647059,0,0,0,0,0,0,0,1,0,0,0,0,0,0
50,2001,3.871212121212121,0,1,0,0,0,0,0,0,0,0,0,0,0,0
50,2001,3.871212121212121,0,0,1,0,0,0,0,0,0,0,0,0,0,0
50,2001,3.871212121212121,0,0,0,1,0,0,0,0,0,0,0,0,0,0
50,2001,3.871212121212121,0,0,0,0,1,0,0,0,0,0,0,0,0,0
50,2001,3.871212121212121,0,0,0,0,0,0,0,0,1,0,0,0,0,0
51,2001,2.75,1,0,0,0,0,0,0,0,0,0,0,0,0,0
51,2001,2.75,0,0,0,0,0,0,0,0,0,0,0,0,1,0
51,2001,2.75,0,0,0,0,0,0,0,0,0,0,0,0,0,1
52,2001,3.032258064516129,0,0,0,0,1,0,0,0,0,0,0,0,0,0
52,2001,3.032258064516129,0,0,0,0,0,0,0,0,1,0,0,0,0,0
52,2001,3.032258064516129,0,0,0,0,0,0,0,0,0,0,0,1,0,0
53,2001,3.7616822429906542,0,1,0,0,0,0,0,0,0,0,0,0,0,0
53,2001,3.7616822429906542,0,0,0,1,0,0,0,0,0,0,0,0,0,0
53,2001,3.7616822429906542,0,0,0,0,0,0,0,0,1,0,0,0,0,0
54,2001,3.4814814814814814,1,0,0,0,0,0,0,0,0,0,0,0,0,0
54,2001,3.4814814814814814,0,0,0,0,0,1,0,0,0,0,0,0,0,0
54,2001,3.4814814814814814,0,0,0,0,0,0,0,1,0,0,0,0,0,0
54,2001,3.4814814814814814,0,0,0,0,0,0,0,0,0,0,0,0,0,1
55,2001,3.0,0,0,0,0,0,0,0,1,0,0,0,0,0,0
56,2001,3.8445378151260505,0,0,0,0,0,1,0,0,0,0,0,0,0,0
56,2001,3.8445378151260505,0,0,0,0,0,0,0,0,0,0,0,0,0,1
57,2001,4.183333333333334,0,0,0,0,1,0,0,0,0,0,0,0,0,0
57,2001,4.183333333333334,0,0,0,0,0,0,0,0,0,0,0,1,0,0
58,2001,2.571428571428572,0,0,0,0,1,0,0,0,0,0,0,0,0,0
59,2001,3.4204545454545454,0,0,0,0,0,0,0,0,0,0,1,0,0,0
59,2001,3.4204545454545454,0,0,0,0,0,0,0,0,0,0,0,1,0,0
59,2001,3.4204545454545454,0,0,0,0,0,0,0,0,0,0,0,0,1,0
59,2001,3.4204545454545454,0,0,0,0,0,0,0,0,0,0,0,0,0,1
60,2001,3.683823529411765,0,0,0,0,1,0,0,0,0,0,0,0,0,0
60,2001,3.683823529411765,0,0,0,0,0,0,0,1,0,0,0,0,0,0
61,2001,3.2058823529411766,0,0,0,0,1,0,0,0,0,0,0,0,0,0
61,2001,3.2058823529411766,0,0,0,0,0,0,0,0,0,0,0,1,0,0
62,2001,4.106060606060606,0,1,0,0,0,0,0,0,0,0,0,0,0,0
62,2001,4.106060606060606,0,0,0,0,0,0,0,0,1,0,0,0,0,0
63,2001,3.5,0,0,0,0,1,0,0,0,0,0,0,0,0,0
63,2001,3.5,0,0,0,0,0,0,0,1,0,0,0,0,0,0
63,2001,3.5,0,0,0,0,0,0,0,0,0,0,0,1,0,0
64,2001,4.0,0,0,0,0,0,0,0,1,0,0,0,0,0,0
64,2001,4.0,0,0,0,0,0,0,0,0,0,0,0,1,0,0
65,2001,3.703703703703704,0,0,0,0,1,0,0,0,0,0,0,0,0,0
65,2001,3.703703703703704,0,0,0,0,0,0,0,1,0,0,0,0,0,0
65,2001,3.703703703703704,0,0,0,0,0,0,0,0,0,0,1,0,0,0
66,2001,3.764705882352941,0,0,0,0,0,0,0,1,0,0,0,0,0,0
67,2001,3.305555555555556,0,0,0,0,0,0,0,1,0,0,0,0,0,0
67,2001,3.305555555555556,0,0,0,0,0,0,0,0,0,0,0,1,0,0
68,2002,2.6333333333333333,0,0,0,0,1,0,0,0,0,0,0,0,0,0
69,2001,3.821428571428572,1,0,0,0,0,0,0,0,0,0,0,0,0,0
69,2001,3.821428571428572,0,0,0,0,0,0,0,0,0,0,1,0,0,0
69,2001,3.821428571428572,0,0,0,0,0,0,0,0,0,0,0,0,0,1
70,2002,3.828125,1,0,0,0,0,0,0,0,0,0,0,0,0,0
70,2002,3.828125,0,1,0,0,0,0,0,0,0,0,0,0,0,0
70,2002,3.828125,0,0,0,0,0,0,0,1,0,0,0,0,0,0
70,2002,3.828125,0,0,0,0,0,0,0,0,0,0,0,0,0,1
71,2002,3.076923076923077,0,0,0,0,0,0,0,1,0,0,0,0,0,0
71,2002,3.076923076923077,0,0,0,0,0,0,0,0,1,0,0,0,0,0
71,2002,3.076923076923077,0,0,0,0,0,0,0,0,0,1,0,0,0,0
71,2002,3.076923076923077,0,0,0,0,0,0,0,0,0,0,1,0,0,0
71,2002,3.076923076923077,0,0,0,0,0,0,0,0,0,0,0,0,0,1
72,2002,3.5,0,0,0,0,0,0,0,1,0,0,0,0,0,0
72,2002,3.5,0,0,0,0,0,0,0,0,0,0,0,1,0,0
73,2001,3.9615384615384617,0,0,1,0,0,0,0,0,0,0,0,0,0,0
73,2001,3.9615384615384617,0,0,0,0,0,0,0,0,0,0,0,0,1,0
74,2002,2.909090909090909,0,0,0,0,0,1,0,0,0,0,0,0,0,0
74,2002,2.909090909090909,0,0,0,0,0,0,0,1,0,0,0,0,0,0
74,2002,2.909090909090909,0,0,0,0,0,0,0,0,0,0,0,0,0,1
75,2001,3.6041666666666665,0,0,0,0,1,0,0,0,0,0,0,0,0,0
75,2001,3.6041666666666665,0,0,0,0,0,1,0,0,0,0,0,0,0,0
75,2001,3.6041666666666665,0,0,0,0,0,0,0,0,0,0,1,0,0,0
76,2002,2.363636363636364,0,0,0,0,0,0,0,0,1,0,0,0,0,0
76,2002,2.363636363636364,0,0,0,0,0,0,0,0,0,1,0,0,0,0
77,2001,3.8333333333333335,0,0,0,0,1,0,0,0,0,0,0,0,0,0
77,2001,3.8333333333333335,0,0,0,0,0,0,0,0,0,0,0,1,0,0
78,2002,2.863636363636364,1,0,0,0,0,0,0,0,0,0,0,0,0,0
78,2002,2.863636363636364,0,1,0,0,0,0,0,0,0,0,0,0,0,0
78,2002,2.863636363636364,0,0,0,0,0,0,0,0,0,0,0,0,1,0
79,2002,3.6882352941176473,0,1,0,0,0,0,0,0,0,0,0,0,0,0
79,2002,3.6882352941176473,0,0,1,0,0,0,0,0,0,0,0,0,0,0
79,2002,3.6882352941176473,0,0,0,1,0,0,0,0,0,0,0,0,0,0
79,2002,3.6882352941176473,0,0,0,0,1,0,0,0,0,0,0,0,0,0
80,2002,3.083333333333333,1,0,0,0,0,0,0,0,0,0,0,0,0,0
80,2002,3.083333333333333,0,0,0,0,0,0,0,0,0,1,0,0,0,0
80,2002,3.083333333333333,0,0,0,0,0,0,0,0,0,0,0,0,1,0
80,2002,3.083333333333333,0,0,0,0,0,0,0,0,0,0,0,0,0,1
81,2002,2.4,1,0,0,0,0,0,0,0,0,0,0,0,0,0
81,2002,2.4,0,0,0,0,1,0,0,0,0,0,0,0,0,0
82,2002,3.2058823529411766,1,0,0,0,0,0,0,0,0,0,0,0,0,0
82,2002,3.2058823529411766,0,0,0,0,0,0,0,0,0,1,0,0,0,0
82,2002,3.2058823529411766,0,0,0,0,0,0,0,0,0,0,0,0,0,1
83,2002,3.3181818181818183,0,0,0,0,1,0,0,0,0,0,0,0,0,0
83,2002,3.3181818181818183,0,0,0,0,0,1,0,0,0,0,0,0,0,0
83,2002,3.3181818181818183,0,0,0,0,0,0,0,1,0,0,0,0,0,0
84,2002,3.0,0,0,0,0,0,0,0,0,0,0,0,0,0,1
85,2002,3.2916666666666665,0,0,0,0,0,0,0,1,0,0,0,0,0,0
86,2002,2.909090909090909,0,0,0,0,1,0,0,0,0,0,0,0,0,0
87,2001,3.863636363636364,0,0,0,0,0,1,0,0,0,0,0,0,0,0
87,2001,3.863636363636364,0,0,0,0,0,0,0,1,0,0,0,0,0,0
87,2001,3.863636363636364,0,0,0,0,0,0,0,0,0,0,0,0,0,1
88,2002,2.9,0,0,0,0,1,0,0,0,0,0,0,0,0,0
88,2002,2.9,0,0,0,0,0,0,0,0,0,0,0,1,0,0
89,2002,3.2666666666666666,0,0,0,0,1,0,0,0,0,0,0,0,0,0
89,2002,3.2666666666666666,0,0,0,0,0,0,0,0,0,0,0,1,0,0
90,2002,2.2954545454545454,1,0,0,0,0,0,0,0,0,0,0,0,0,0
90,2002,2.2954545454545454,0,1,0,0,0,0,0,0,0,0,0,0,0,0
90,2002,2.2954545454545454,0,0,0,0,0,0,0,0,1,0,0,0,0,0
90,2002,2.2954545454545454,0,0,0,0,0,0,0,0,0,0,0,0,0,1
91,2002,3.35,0,0,0,0,0,1,0,0,0,0,0,0,0,0
91,2002,3.35,0,0,0,0,0,0,0,1,0,0,0,0,0,0
91,2002,3.35,0,0,0,0,0,0,0,0,0,0,0,0,0,1
92,2002,3.540983606557377,1,0,0,0,0,0,0,0,0,0,0,0,0,0
92,2002,3.540983606557377,0,1,0,0,0,0,0,0,0,0,0,0,0,0
92,2002,3.540983606557377,0,0,0,0,0,0,0,0,0,0,0,0,1,0
92,2002,3.540983606557377,0,0,0,0,0,0,0,0,0,0,0,0,0,1
93,2002,3.715909090909091,0,0,0,0,1,0,0,0,0,0,0,0,0,0
93,2002,3.715909090909091,0,0,0,0,0,0,0,1,0,0,0,0,0,0
93,2002,3.715909090909091,0,0,0,0,0,0,0,0,0,0,0,1,0,0
94,2002,3.85,0,0,0,0,1,0,0,0,0,0,0,0,0,0
94,2002,3.85,0,0,0,0,0,0,0,1,0,0,0,0,0,0
94,2002,3.85,0,0,0,0,0,0,0,0,0,0,0,1,0,0
95,2002,3.303030303030303,1,0,0,0,0,0,0,0,0,0,0,0,0,0
95,2002,3.303030303030303,0,0,0,0,0,1,0,0,0,0,0,0,0,0
95,2002,3.303030303030303,0,0,0,0,0,0,0,1,0,0,0,0,0,0
95,2002,3.303030303030303,0,0,0,0,0,0,0,0,0,0,1,0,0,0
95,2002,3.303030303030303,0,0,0,0,0,0,0,0,0,0,0,0,0,1
96,2002,2.9705882352941178,0,0,0,0,0,0,0,1,0,0,0,0,0,0
96,2002,2.9705882352941178,0,0,0,0,0,0,0,0,0,0,0,0,0,1
97,2002,3.8169642857142856,1,0,0,0,0,0,0,0,0,0,0,0,0,0
97,2002,3.8169642857142856,0,0,0,0,0,0,0,0,0,0,1,0,0,0
97,2002,3.8169642857142856,0,0,0,0,0,0,0,0,0,0,0,0,0,1
98,2002,2.8529411764705883,0,1,0,0,0,0,0,0,0,0,0,0,0,0
98,2002,2.8529411764705883,0,0,0,1,0,0,0,0,0,0,0,0,0,0
98,2002,2.8529411764705883,0,0,0,0,1,0,0,0,0,0,0,0,0,0
98,2002,2.8529411764705883,0,0,0,0,0,0,0,0,1,0,0,0,0,0
98,2002,2.8529411764705883,0,0,0,0,0,0,0,0,0,0,1,0,0,0
99,2002,3.810344827586207,0,1,0,0,0,0,0,0,0,0,0,0,0,0
99,2002,3.810344827586207,0,0,1,0,0,0,0,0,0,0,0,0,0,0
99,2002,3.810344827586207,0,0,0,1,0,0,0,0,0,0,0,0,0,0
99,2002,3.810344827586207,0,0,0,0,0,0,0,0,0,0,0,0,1,0
100,2002,3.6375,1,0,0,0,0,0,0,0,0,0,0,0,0,0
100,2002,3.6375,0,0,0,0,0,1,0,0,0,0,0,0,0,0
100,2002,3.6375,0,0,0,0,0,0,0,0,0,0,1,0,0,0
100,2002,3.6375,0,0,0,0,0,0,0,0,0,0,0,0,1,0
100,2002,3.6375,0,0,0,0,0,0,0,0,0,0,0,0,0,1
101,2002,2.909090909090909,0,0,0,0,1,0,0,0,0,0,0,0,0,0
101,2002,2.909090909090909,0,0,0,0,0,0,0,0,0,0,0,1,0,0
102,2002,2.959016393442623,1,0,0,0,0,0,0,0,0,0,0,0,0,0
102,2002,2.959016393442623,0,0,0,0,1,0,0,0,0,0,0,0,0,0
102,2002,2.959016393442623,0,0,0,0,0,0,0,0,0,0,0,0,1,0
103,2002,2.7222222222222223,1,0,0,0,0,0,0,0,0,0,0,0,0,0
103,2002,2.7222222222222223,0,1,0,0,0,0,0,0,0,0,0,0,0,0
103,2002,2.7222222222222223,0,0,0,0,0,0,0,0,1,0,0,0,0,0
104,2002,3.520408163265306,0,0,0,0,0,1,0,0,0,0,0,0,0,0
104,2002,3.520408163265306,0,0,0,0,0,0,0,1,0,0,0,0,0,0
105,2002,2.8461538461538463,0,0,0,0,1,0,0,0,0,0,0,0,0,0
106,2002,3.1666666666666665,0,0,0,0,0,0,0,0,0,1,0,0,0,0
106,2002,3.1666666666666665,0,0,0,0,0,0,0,0,0,0,0,0,1,0
106,2002,3.1666666666666665,0,0,0,0,0,0,0,0,0,0,0,0,0,1
107,2002,3.208333333333333,0,0,0,0,1,0,0,0,0,0,0,0,0,0
107,2002,3.208333333333333,0,0,0,0,0,0,0,1,0,0,0,0,0,0
108,2002,2.770833333333333,1,0,0,0,0,0,0,0,0,0,0,0,0,0
108,2002,2.770833333333333,0,0,0,0,0,1,0,0,0,0,0,0,0,0
108,2002,2.770833333333333,0,0,0,0,0,0,0,0,0,0,0,0,0,1
109,2002,3.473684210526316,0,0,0,0,0,0,0,1,0,0,0,0,0,0
109,2002,3.473684210526316,0,0,0,0,0,0,0,0,0,0,0,0,0,1
110,2002,3.519230769230769,1,0,0,0,0,0,0,0,0,0,0,0,0,0
110,2002,3.519230769230769,0,0,0,0,0,1,0,0,0,0,0,0,0,0
111,2002,3.6666666666666665,0,0,0,0,1,0,0,0,0,0,0,0,0,0
111,2002,3.6666666666666665,0,0,0,0,0,0,0,1,0,0,0,0,0,0
112,2001,3.863636363636364,0,0,0,0,0,0,0,1,0,0,0,0,0,0
112,2001,3.863636363636364,0,0,0,0,0,0,0,0,0,0,0,0,0,1
113,2001,4.155172413793103,0,1,0,0,0,0,0,0,0,0,0,0,0,0
113,2001,4.155172413793103,0,0,1,0,0,0,0,0,0,0,0,0,0,0
113,2001,4.155172413793103,0,0,0,0,0,0,0,0,1,0,0,0,0,0
114,2002,3.0535714285714284,0,0,0,0,1,0,0,0,0,0,0,0,0,0
114,2002,3.0535714285714284,0,0,0,0,0,0,0,0,0,0,0,1,0,0
115,2002,2.5,1,0,0,0,0,0,0,0,0,0,0,0,0,0
115,2002,2.5,0,0,0,0,1,0,0,0,0,0,0,0,0,0
116,2002,3.435483870967742,0,0,0,0,0,1,0,0,0,0,0,0,0,0
116,2002,3.435483870967742,0,0,0,0,0,0,0,0,0,0,1,0,0,0
116,2002,3.435483870967742,0,0,0,0,0,0,0,0,0,0,0,0,0,1
117,2002,3.775862068965517,0,0,0,0,0,0,1,0,0,0,0,0,0,0
118,2002,3.621212121212121,0,0,0,0,1,0,0,0,0,0,0,0,0,0
118,2002,3.621212121212121,0,0,0,0,0,0,0,1,0,0,0,0,0,0
118,2002,3.621212121212121,0,0,0,0,0,0,0,0,0,0,0,1,0,0
119,2002,3.202127659574468,0,0,0,0,0,0,0,0,0,1,0,0,0,0
119,2002,3.202127659574468,0,0,0,0,0,0,0,0,0,0,1,0,0,0
119,2002,3.202127659574468,0,0,0,0,0,0,0,0,0,0,0,0,0,1
120,2002,3.5,1,0,0,0,0,0,0,0,0,0,0,0,0,0
120,2002,3.5,0,0,0,0,1,0,0,0,0,0,0,0,0,0
120,2002,3.5,0,0,0,0,0,0,1,0,0,0,0,0,0,0
121,2002,3.78125,0,0,0,0,0,0,0,1,0,0,0,0,0,0
121,2002,3.78125,0,0,0,0,0,0,0,0,0,0,0,1,0,0
122,2002,3.292682926829268,0,0,0,0,0,0,0,1,0,0,0,0,0,0
123,2002,3.863636363636364,0,0,0,0,0,0,0,1,0,0,0,0,0,0
123,2002,3.863636363636364,0,0,0,0,0,0,0,0,0,0,0,1,0,0
124,2002,3.5980392156862746,0,1,0,0,0,0,0,0,0,0,0,0,0,0
124,2002,3.5980392156862746,0,0,0,0,0,0,0,0,1,0,0,0,0,0
125,2002,2.925925925925926,1,0,0,0,0,0,0,0,0,0,0,0,0,0
125,2002,2.925925925925926,0,1,0,0,0,0,0,0,0,0,0,0,0,0
125,2002,2.925925925925926,0,0,0,0,0,0,0,0,0,0,0,0,0,1
126,2002,4.035714285714286,0,0,0,0,0,0,0,1,0,0,0,0,0,0
126,2002,4.035714285714286,0,0,0,0,0,0,0,0,0,0,0,1,0,0
127,2002,3.075,0,0,0,0,0,0,0,1,0,0,0,0,0,0
127,2002,3.075,0,0,0,0,0,0,0,0,0,0,0,1,0,0
127,2002,3.075,0,0,0,0,0,0,0,0,0,0,0,0,1,0
128,2002,3.945652173913044,0,0,0,0,1,0,0,0,0,0,0,0,0,0
128,2002,3.945652173913044,0,0,0,0,0,0,0,1,0,0,0,0,0,0
128,2002,3.945652173913044,0,0,0,0,0,0,0,0,0,0,0,1,0,0
129,2002,3.875,1,0,0,0,0,0,0,0,0,0,0,0,0,0
129,2002,3.875,0,0,0,0,0,0,0,0,0,0,0,0,1,0
129,2002,3.875,0,0,0,0,0,0,0,0,0,0,0,0,0,1
130,2002,2.6052631578947367,0,0,0,0,1,0,0,0,0,0,0,0,0,0
130,2002,2.6052631578947367,0,0,0,0,0,0,0,0,0,0,0,1,0,0
131,2002,3.1052631578947367,1,0,0,0,0,0,0,0,0,0,0,0,0,0
131,2002,3.1052631578947367,0,0,0,0,0,0,0,1,0,0,0,0,0,0
131,2002,3.1052631578947367,0,0,0,0,0,0,0,0,0,0,0,0,1,0
131,2002,3.1052631578947367,0,0,0,0,0,0,0,0,0,0,0,0,0,1
132,2002,3.173076923076923,0,0,0,0,1,0,0,0,0,0,0,0,0,0
132,2002,3.173076923076923,0,0,0,0,0,0,0,1,0,0,0,0,0,0
133,2002,4.0212765957446805,0,1,0,0,0,0,0,0,0,0,0,0,0,0
133,2002,4.0212765957446805,0,0,0,0,0,0,0,0,1,0,0,0,0,0
134,2002,3.840909090909091,0,0,0,0,0,1,0,0,0,0,0,0,0,0
134,2002,3.840909090909091,0,0,0,0,0,0,0,1,0,0,0,0,0,0
135,2002,3.518181818181818,0,0,0,0,0,1,0,0,0,0,0,0,0,0
135,2002,3.518181818181818,0,0,0,0,0,0,0,1,0,0,0,0,0,0
136,2002,3.263157894736842,0,0,0,0,1,0,0,0,0,0,0,0,0,0
136,2002,3.263157894736842,0,0,0,0,0,0,0,0,0,0,0,1,0,0
137,2002,3.921739130434783,0,0,0,0,0,1,0,0,0,0,0,0,0,0
137,2002,3.921739130434783,0,0,0,0,0,0,0,1,0,0,0,0,0,0
138,2002,3.7,0,0,0,0,0,0,0,1,0,0,0,0,0,0
138,2002,3.7,0,0,0,0,0,0,0,0,0,0,0,1,0,0
139,2002,3.6,0,0,0,0,1,0,0,0,0,0,0,0,0,0
139,2002,3.6,0,0,0,0,0,1,0,0,0,0,0,0,0,0
139,2002,3.6,0,0,0,0,0,0,0,1,0,0,0,0,0,0
139,2002,3.6,0,0,0,0,0,0,0,0,0,0,0,0,0,1
140,2002,4.1466666666666665,1,0,0,0,0,0,0,0,0,0,0,0,0,0
140,2002,4.1466666666666665,0,1,0,0,0,0,0,0,0,0,0,0,0,0
140,2002,4.1466666666666665,0,0,0,0,0,1,0,0,0,0,0,0,0,0
140,2002,4.1466666666666665,0,0,0,0,0,0,0,1,0,0,0,0,0,0
140,2002,4.1466666666666665,0,0,0,0,0,0,0,0,0,0,0,0,0,1
141,2003,3.05,0,0,0,0,0,0,0,0,0,1,0,0,0,0
141,2003,3.05,0,0,0,0,0,0,0,0,0,0,0,0,0,1
142,2003,3.3529411764705883,1,0,0,0,0,0,0,0,0,0,0,0,0,0
142,2003,3.3529411764705883,0,0,0,0,0,0,0,0,0,0,0,0,0,1
143,2003,3.2758620689655173,0,0,0,0,1,0,0,0,0,0,0,0,0,0
143,2003,3.2758620689655173,0,0,0,0,0,0,0,0,0,0,0,1,0,0
144,2003,3.210526315789474,1,0,0,0,0,0,0,0,0,0,0,0,0,0
144,2003,3.210526315789474,0,1,0,0,0,0,0,0,0,0,0,0,0,0
144,2003,3.210526315789474,0,0,0,0,1,0,0,0,0,0,0,0,0,0
145,2003,2.5,1,0,0,0,0,0,0,0,0,0,0,0,0,0
145,2003,2.5,0,0,0,0,0,1,0,0,0,0,0,0,0,0
146,2003,3.5128205128205128,0,0,0,0,1,0,0,0,0,0,0,0,0,0
147,2002,3.3,0,0,0,0,1,0,0,0,0,0,0,0,0,0
147,2002,3.3,0,0,0,0,0,0,0,1,0,0,0,0,0,0
147,2002,3.3,0,0,0,0,0,0,0,0,0,0,0,1,0,0
148,2002,3.140625,0,0,0,0,0,0,0,1,0,0,0,0,0,0
148,2002,3.140625,0,0,0,0,0,0,0,0,0,0,0,0,0,1
149,2001,3.9,1,0,0,0,0,0,0,0,0,0,0,0,0,0
149,2001,3.9,0,0,1,0,0,0,0,0,0,0,0,0,0,0
149,2001,3.9,0,0,0,0,0,0,0,0,0,0,0,0,1,0
149,2001,3.9,0,0,0,0,0,0,0,0,0,0,0,0,0,1
150,2003,3.0588235294117645,0,0,0,0,1,0,0,0,0,0,0,0,0,0
151,2003,2.409090909090909,1,0,0,0,0,0,0,0,0,0,0,0,0,0
151,2003,2.409090909090909,0,1,0,0,0,0,0,0,0,0,0,0,0,0
151,2003,2.409090909090909,0,0,0,0,0,0,0,0,0,0,0,0,1,0
152,2003,3.425,0,1,0,0,0,0,0,0,0,0,0,0,0,0
152,2003,3.425,0,0,0,1,0,0,0,0,0,0,0,0,0,0
152,2003,3.425,0,0,0,0,1,0,0,0,0,0,0,0,0,0
152,2003,3.425,0,0,0,0,0,0,0,0,0,0,1,0,0,0
153,2003,3.6818181818181817,0,0,0,0,0,1,0,0,0,0,0,0,0,0
153,2003,3.6818181818181817,0,0,0,0,0,0,0,0,0,1,0,0,0,0
153,2003,3.6818181818181817,0,0,0,0,0,0,0,0,0,0,1,0,0,0
153,2003,3.6818181818181817,0,0,0,0,0,0,0,0,0,0,0,0,0,1
154,2002,3.923076923076923,0,0,0,0,0,0,1,0,0,0,0,0,0,0
155,2003,3.723684210526316,1,0,0,0,0,0,0,0,0,0,0,0,0,0
155,2003,3.723684210526316,0,1,0,0,0,0,0,0,0,0,0,0,0,0
155,2003,3.723684210526316,0,0,0,0,0,0,0,0,0,0,0,0,1,0
155,2003,3.723684210526316,0,0,0,0,0,0,0,0,0,0,0,0,0,1
156,2003,2.9,0,0,0,0,1,0,0,0,0,0,0,0,0,0
156,2003,2.9,0,0,0,0,0,0,0,0,0,0,0,1,0,0
157,2003,3.316901408450704,0,0,0,0,1,0,0,0,0,0,0,0,0,0
157,2003,3.316901408450704,0,0,0,0,0,0,0,1,0,0,0,0,0,0
157,2003,3.316901408450704,0,0,0,0,0,0,0,0,1,0,0,0,0,0
157,2003,3.316901408450704,0,0,0,0,0,0,0,0,0,0,0,1,0,0
158,2003,3.9609929078014185,0,1,0,0,0,0,0,0,0,0,0,0,0,0
158,2003,3.9609929078014185,0,0,1,0,0,0,0,0,0,0,0,0,0,0
158,2003,3.9609929078014185,0,0,0,1,0,0,0,0,0,0,0,0,0,0
158,2003,3.9609929078014185,0,0,0,0,1,0,0,0,0,0,0,0,0,0
159,2003,3.6186440677966094,1,0,0,0,0,0,0,0,0,0,0,0,0,0
159,2003,3.6186440677966094,0,0,0,0,0,1,0,0,0,0,0,0,0,0
160,2003,2.6052631578947367,1,0,0,0,0,0,0,0,0,0,0,0,0,0
160,2003,2.6052631578947367,0,0,0,0,0,1,0,0,0,0,0,0,0,0
160,2003,2.6052631578947367,0,0,0,0,0,0,0,0,0,0,0,0,0,1
161,2002,3.75,0,0,0,0,0,0,0,1,0,0,0,0,0,0
162,2003,1.9545454545454544,0,0,0,0,1,0,0,0,0,0,0,0,0,0
163,2002,3.974137931034482,1,0,0,0,0,0,0,0,0,0,0,0,0,0
163,2002,3.974137931034482,0,0,0,0,0,0,0,0,0,1,0,0,0,0
163,2002,3.974137931034482,0,0,0,0,0,0,0,0,0,0,0,0,1,0
164,2003,2.3703703703703702,1,0,0,0,0,0,0,0,0,0,0,0,0,0
164,2003,2.3703703703703702,0,1,0,0,0,0,0,0,0,0,0,0,0,0
164,2003,2.3703703703703702,0,0,0,0,1,0,0,0,0,0,0,0,0,0
164,2003,2.3703703703703702,0,0,0,0,0,1,0,0,0,0,0,0,0,0
164,2003,2.3703703703703702,0,0,0,0,0,0,0,0,0,0,0,0,0,1
165,2003,2.560606060606061,1,0,0,0,0,0,0,0,0,0,0,0,0,0
165,2003,2.560606060606061,0,1,0,0,0,0,0,0,0,0,0,0,0,0
165,2003,2.560606060606061,0,0,0,0,0,0,0,0,0,0,0,0,1,0
166,2003,2.409090909090909,0,0,0,0,1,0,0,0,0,0,0,0,0,0
167,2003,3.0444444444444443,1,0,0,0,0,0,0,0,0,0,0,0,0,0
167,2003,3.0444444444444443,0,1,0,0,0,0,0,0,0,0,0,0,0,0
167,2003,3.0444444444444443,0,0,0,0,0,0,0,0,0,0,0,0,1,0
168,2003,3.778523489932886,1,0,0,0,0,0,0,0,0,0,0,0,0,0
168,2003,3.778523489932886,0,1,0,0,0,0,0,0,0,0,0,0,0,0
168,2003,3.778523489932886,0,0,0,0,1,0,0,0,0,0,0,0,0,0
168,2003,3.778523489932886,0,0,0,0,0,0,0,0,1,0,0,0,0,0
169,2003,2.625,1,0,0,0,0,0,0,0,0,0,0,0,0,0
169,2003,2.625,0,0,0,0,0,0,0,0,1,0,0,0,0,0
169,2003,2.625,0,0,0,0,0,0,0,0,0,0,0,0,1,0
170,2003,2.8823529411764706,1,0,0,0,0,0,0,0,0,0,0,0,0,0
170,2003,2.8823529411764706,0,0,0,0,1,0,0,0,0,0,0,0,0,0
170,2003,2.8823529411764706,0,0,0,0,0,1,0,0,0,0,0,0,0,0
170,2003,2.8823529411764706,0,0,0,0,0,0,0,0,0,0,0,0,0,1
171,2003,2.9615384615384617,1,0,0,0,0,0,0,0,0,0,0,0,0,0
171,2003,2.9615384615384617,0,0,0,0,1,0,0,0,0,0,0,0,0,0
171,2003,2.9615384615384617,0,0,0,0,0,0,0,0,0,0,0,0,0,1
172,2002,3.625,0,0,0,0,0,1,0,0,0,0,0,0,0,0
172,2002,3.625,0,0,0,0,0,0,0,1,0,0,0,0,0,0
172,2002,3.625,0,0,0,0,0,0,0,0,0,0,0,0,0,1
173,2003,2.647058823529412,1,0,0,0,0,0,0,0,0,0,0,0,0,0
173,2003,2.647058823529412,0,1,0,0,0,0,0,0,0,0,0,0,0,0
173,2003,2.647058823529412,0,0,0,0,1,0,0,0,0,0,0,0,0,0
173,2003,2.647058823529412,0,0,0,0,0,0,0,0,0,0,0,1,0,0
173,2003,2.647058823529412,0,0,0,0,0,0,0,0,0,0,0,0,0,1
174,2003,3.6944444444444446,0,0,0,0,0,0,0,1,0,0,0,0,0,0
175,2003,3.09375,0,0,0,0,1,0,0,0,0,0,0,0,0,0
176,2003,3.208333333333333,0,0,0,1,0,0,0,0,0,0,0,0,0,0
176,2003,3.208333333333333,0,0,0,0,1,0,0,0,0,0,0,0,0,0
176,2003,3.208333333333333,0,0,0,0,0,0,0,0,1,0,0,0,0,0
177,2003,3.321428571428572,1,0,0,0,0,0,0,0,0,0,0,0,0,0
177,2003,3.321428571428572,0,0,0,0,0,0,0,0,0,0,0,0,0,1
178,2001,3.823529411764706,1,0,0,0,0,0,0,0,0,0,0,0,0,0
178,2001,3.823529411764706,0,0,0,0,1,0,0,0,0,0,0,0,0,0
179,2003,3.8333333333333335,0,0,0,0,1,0,0,0,0,0,0,0,0,0
179,2003,3.8333333333333335,0,0,0,0,0,0,0,1,0,0,0,0,0,0
180,2003,3.7205882352941178,0,0,0,0,1,0,0,0,0,0,0,0,0,0
180,2003,3.7205882352941178,0,0,0,0,0,1,0,0,0,0,0,0,0,0
180,2003,3.7205882352941178,0,0,0,0,0,0,0,1,0,0,0,0,0,0
181,2003,3.2142857142857144,1,0,0,0,0,0,0,0,0,0,0,0,0,0
181,2003,3.2142857142857144,0,1,0,0,0,0,0,0,0,0,0,0,0,0
181,2003,3.2142857142857144,0,0,0,0,0,1,0,0,0,0,0,0,0,0
181,2003,3.2142857142857144,0,0,0,0,0,0,0,0,0,0,0,0,0,1
182,2003,4.033783783783784,0,0,0,0,1,0,0,0,0,0,0,0,0,0
182,2003,4.033783783783784,0,0,0,0,0,0,0,1,0,0,0,0,0,0
182,2003,4.033783783783784,0,0,0,0,0,0,0,0,0,0,0,1,0,0
183,2003,3.5,0,0,0,1,0,0,0,0,0,0,0,0,0,0
183,2003,3.5,0,0,0,0,1,0,0,0,0,0,0,0,0,0
183,2003,3.5,0,0,0,0,0,0,0,1,0,0,0,0,0,0
184,2003,3.5,1,0,0,0,0,0,0,0,0,0,0,0,0,0
184,2003,3.5,0,0,0,0,0,0,0,0,1,0,0,0,0,0
184,2003,3.5,0,0,0,0,0,0,0,0,0,1,0,0,0,0
185,2002,3.321428571428572,0,0,0,0,1,0,0,0,0,0,0,0,0,0
185,2002,3.321428571428572,0,0,0,0,0,0,0,0,0,1,0,0,0,0
186,2003,3.147058823529412,1,0,0,0,0,0,0,0,0,0,0,0,0,0
186,2003,3.147058823529412,0,1,0,0,0,0,0,0,0,0,0,0,0,0
186,2003,3.147058823529412,0,0,0,0,1,0,0,0,0,0,0,0,0,0
187,2003,3.704545454545455,0,0,1,0,0,0,0,0,0,0,0,0,0,0
187,2003,3.704545454545455,0,0,0,0,1,0,0,0,0,0,0,0,0,0
187,2003,3.704545454545455,0,0,0,0,0,0,0,0,1,0,0,0,0,0
188,2003,3.583333333333333,0,0,0,0,1,0,0,0,0,0,0,0,0,0
188,2003,3.583333333333333,0,0,0,0,0,0,0,1,0,0,0,0,0,0
189,2003,3.7115384615384617,0,0,0,0,0,1,0,0,0,0,0,0,0,0
189,2003,3.7115384615384617,0,0,0,0,0,0,0,1,0,0,0,0,0,0
189,2003,3.7115384615384617,0,0,0,0,0,0,0,0,0,0,1,0,0,0
190,2003,3.175,0,0,0,0,1,0,0,0,0,0,0,0,0,0
190,2003,3.175,0,0,0,0,0,0,0,0,0,0,0,1,0,0
191,2003,3.9618320610687023,1,0,0,0,0,0,0,0,0,0,0,0,0,0
191,2003,3.9618320610687023,0,0,0,0,0,1,0,0,0,0,0,0,0,0
191,2003,3.9618320610687023,0,0,0,0,0,0,0,0,0,0,0,0,0,1
192,2003,3.4411764705882355,0,0,0,0,0,0,0,1,0,0,0,0,0,0
192,2003,3.4411764705882355,0,0,0,0,0,0,0,0,0,0,0,0,0,1
193,2003,2.275,0,0,0,0,1,0,0,0,0,0,0,0,0,0
193,2003,2.275,0,0,0,0,0,0,0,0,0,1,0,0,0,0
194,2003,3.692307692307693,0,0,0,1,0,0,0,0,0,0,0,0,0,0
194,2003,3.692307692307693,0,0,0,0,1,0,0,0,0,0,0,0,0,0
194,2003,3.692307692307693,0,0,0,0,0,0,0,0,1,0,0,0,0,0
195,2003,3.788135593220339,0,0,0,0,1,0,0,0,0,0,0,0,0,0
195,2003,3.788135593220339,0,0,0,0,0,0,0,1,0,0,0,0,0,0
195,2003,3.788135593220339,0,0,0,0,0,0,0,0,0,0,0,1,0,0
196,2003,3.3,0,0,0,0,0,1,0,0,0,0,0,0,0,0
196,2003,3.3,0,0,0,0,0,0,0,1,0,0,0,0,0,0
196,2003,3.3,0,0,0,0,0,0,0,0,0,0,1,0,0,0
196,2003,3.3,0,0,0,0,0,0,0,0,0,0,0,1,0,0
196,2003,3.3,0,0,0,0,0,0,0,0,0,0,0,0,0,1
197,2003,3.3653846153846154,0,0,0,0,1,0,0,0,0,0,0,0,0,0
197,2003,3.3653846153846154,0,0,0,0,0,1,0,0,0,0,0,0,0,0
198,2003,2.5,0,0,0,1,0,0,0,0,0,0,0,0,0,0
198,2003,2.5,0,0,0,0,1,0,0,0,0,0,0,0,0,0
198,2003,2.5,0,0,0,0,0,0,0,0,1,0,0,0,0,0
198,2003,2.5,0,0,0,0,0,0,0,0,0,1,0,0,0,0
199,2002,3.9210526315789473,1,0,0,0,0,0,0,0,0,0,0,0,0,0
199,2002,3.9210526315789473,0,1,0,0,0,0,0,0,0,0,0,0,0,0
199,2002,3.9210526315789473,0,0,0,0,0,0,0,1,0,0,0,0,0,0
200,2003,3.55,0,0,0,0,1,0,0,0,0,0,0,0,0,0
200,2003,3.55,0,0,0,0,0,0,0,1,0,0,0,0,0,0
200,2003,3.55,0,0,0,0,0,0,0,0,0,0,0,1,0,0
201,2003,3.8333333333333335,0,0,0,0,0,0,0,1,0,0,0,0,0,0
201,2003,3.8333333333333335,0,0,0,0,0,0,0,0,1,0,0,0,0,0
201,2003,3.8333333333333335,0,0,0,0,0,0,0,0,0,0,0,1,0,0
202,2003,3.647058823529412,0,0,0,0,1,0,0,0,0,0,0,0,0,0
202,2003,3.647058823529412,0,0,0,0,0,0,0,1,0,0,0,0,0,0
202,2003,3.647058823529412,0,0,0,0,0,0,0,0,0,0,0,1,0,0
203,2003,2.8,0,0,0,0,1,0,0,0,0,0,0,0,0,0
204,2003,3.375,0,0,0,0,0,0,0,1,0,0,0,0,0,0
204,2003,3.375,0,0,0,0,0,0,0,0,0,0,0,1,0,0
205,2003,4.118918918918919,1,0,0,0,0,0,0,0,0,0,0,0,0,0
205,2003,4.118918918918919,0,1,0,0,0,0,0,0,0,0,0,0,0,0
205,2003,4.118918918918919,0,0,0,0,0,0,0,1,0,0,0,0,0,0
205,2003,4.118918918918919,0,0,0,0,0,0,0,0,1,0,0,0,0,0
206,2003,2.8,0,0,0,0,0,0,0,1,0,0,0,0,0,0
206,2003,2.8,0,0,0,0,0,0,0,0,0,0,0,1,0,0
207,2003,3.5294117647058822,0,0,0,0,0,1,0,0,0,0,0,0,0,0
207,2003,3.5294117647058822,0,0,0,0,0,0,0,1,0,0,0,0,0,0
208,2003,2.911764705882353,1,0,0,0,0,0,0,0,0,0,0,0,0,0
208,2003,2.911764705882353,0,0,0,0,0,0,0,0,0,0,0,0,1,0
208,2003,2.911764705882353,0,0,0,0,0,0,0,0,0,0,0,0,0,1
209,2004,3.0416666666666665,0,0,0,0,1,0,0,0,0,0,0,0,0,0
209,2004,3.0416666666666665,0,0,0,0,0,0,0,0,0,0,0,1,0,0
210,2004,3.630434782608696,0,0,0,0,0,0,0,1,0,0,0,0,0,0
210,2004,3.630434782608696,0,0,0,0,0,0,0,0,0,0,0,0,1,0
210,2004,3.630434782608696,0,0,0,0,0,0,0,0,0,0,0,0,0,1
211,2004,3.35,0,0,0,0,0,0,0,1,0,0,0,0,0,0
212,2003,3.730769230769231,0,0,0,0,0,0,0,1,0,0,0,0,0,0
213,2004,3.5531914893617023,0,0,0,0,1,0,0,0,0,0,0,0,0,0
213,2004,3.5531914893617023,0,0,0,0,0,0,0,0,0,0,0,1,0,0
214,2004,3.1333333333333333,0,1,0,0,0,0,0,0,0,0,0,0,0,0
214,2004,3.1333333333333333,0,0,0,0,1,0,0,0,0,0,0,0,0,0
215,2003,3.804347826086957,0,0,0,0,1,0,0,0,0,0,0,0,0,0
215,2003,3.804347826086957,0,0,0,0,0,0,0,1,0,0,0,0,0,0
216,2004,3.3181818181818183,0,1,0,0,0,0,0,0,0,0,0,0,0,0
216,2004,3.3181818181818183,0,0,0,0,0,0,0,1,0,0,0,0,0,0
217,2004,3.2857142857142856,1,0,0,0,0,0,0,0,0,0,0,0,0,0
217,2004,3.2857142857142856,0,0,0,0,1,0,0,0,0,0,0,0,0,0
217,2004,3.2857142857142856,0,0,0,0,0,1,0,0,0,0,0,0,0,0
217,2004,3.2857142857142856,0,0,0,0,0,0,0,0,0,0,0,0,0,1
218,2004,3.3,0,0,0,0,0,0,0,0,0,0,1,0,0,0
218,2004,3.3,0,0,0,0,0,0,0,0,0,0,0,0,0,1
219,2004,3.90625,1,0,0,0,0,0,0,0,0,0,0,0,0,0
219,2004,3.90625,0,0,0,0,0,0,0,1,0,0,0,0,0,0
219,2004,3.90625,0,0,0,0,0,0,0,0,0,1,0,0,0,0
219,2004,3.90625,0,0,0,0,0,0,0,0,0,0,0,0,0,1
220,2004,4.1603053435114505,0,0,0,0,0,0,0,1,0,0,0,0,0,0
220,2004,4.1603053435114505,0,0,0,0,0,0,0,0,0,0,0,1,0,0
220,2004,4.1603053435114505,0,0,0,0,0,0,0,0,0,0,0,0,1,0
221,2004,2.571428571428572,0,0,0,0,1,0,0,0,0,0,0,0,0,0
221,2004,2.571428571428572,0,0,0,0,0,1,0,0,0,0,0,0,0,0
222,2003,4.025,0,0,0,0,0,0,0,1,0,0,0,0,0,0
222,2003,4.025,0,0,0,0,0,0,0,0,0,0,1,0,0,0
222,2003,4.025,0,0,0,0,0,0,0,0,0,0,0,0,0,1
223,2004,3.3780487804878048,1,0,0,0,0,0,0,0,0,0,0,0,0,0
223,2004,3.3780487804878048,0,1,0,0,0,0,0,0,0,0,0,0,0,0
223,2004,3.3780487804878048,0,0,0,0,0,0,0,0,1,0,0,0,0,0
223,2004,3.3780487804878048,0,0,0,0,0,0,0,0,0,1,0,0,0,0
224,2004,3.868181818181818,1,0,0,0,0,0,0,0,0,0,0,0,0,0
224,2004,3.868181818181818,0,0,0,0,0,0,0,1,0,0,0,0,0,0
224,2004,3.868181818181818,0,0,0,0,0,0,0,0,0,0,0,0,0,1
225,2004,3.5,1,0,0,0,0,0,0,0,0,0,0,0,0,0
225,2004,3.5,0,0,0,0,0,1,0,0,0,0,0,0,0,0
225,2004,3.5,0,0,0,0,0,0,0,0,0,0,0,0,0,1
226,2004,3.1904761904761907,0,0,0,0,1,0,0,0,0,0,0,0,0,0
226,2004,3.1904761904761907,0,0,0,0,0,0,0,0,1,0,0,0,0,0
226,2004,3.1904761904761907,0,0,0,0,0,0,0,0,0,0,0,1,0,0
227,2004,3.628571428571429,1,0,0,0,0,0,0,0,0,0,0,0,0,0
227,2004,3.628571428571429,0,0,0,0,0,1,0,0,0,0,0,0,0,0
227,2004,3.628571428571429,0,0,0,0,0,0,0,1,0,0,0,0,0,0
227,2004,3.628571428571429,0,0,0,0,0,0,0,0,0,0,1,0,0,0
227,2004,3.628571428571429,0,0,0,0,0,0,0,0,0,0,0,0,0,1
228,2004,3.756410256410256,0,0,0,0,1,0,0,0,0,0,0,0,0,0
229,2004,2.708333333333333,1,0,0,0,0,0,0,0,0,0,0,0,0,0
229,2004,2.708333333333333,0,1,0,0,0,0,0,0,0,0,0,0,0,0
229,2004,2.708333333333333,0,0,0,0,0,0,0,0,1,0,0,0,0,0
229,2004,2.708333333333333,0,0,0,0,0,0,0,0,0,1,0,0,0,0
230,2003,4.25,0,0,0,0,0,0,0,1,0,0,0,0,0,0
231,2004,3.05,1,0,0,0,0,0,0,0,0,0,0,0,0,0
231,2004,3.05,0,1,0,0,0,0,0,0,0,0,0,0,0,0
231,2004,3.05,0,0,0,0,0,0,0,1,0,0,0,0,0,0
231,2004,3.05,0,0,0,0,0,0,0,0,0,0,0,0,1,0
231,2004,3.05,0,0,0,0,0,0,0,0,0,0,0,0,0,1
232,2004,3.892857142857143,0,0,0,0,1,0,0,0,0,0,0,0,0,0
232,2004,3.892857142857143,0,0,0,0,0,0,0,1,0,0,0,0,0,0
233,2003,3.9583333333333335,1,0,0,0,0,0,0,0,0,0,0,0,0,0
233,2003,3.9583333333333335,0,0,0,0,1,0,0,0,0,0,0,0,0,0
233,2003,3.9583333333333335,0,0,0,0,0,1,0,0,0,0,0,0,0,0
233,2003,3.9583333333333335,0,0,0,0,0,0,0,1,0,0,0,0,0,0
234,2004,3.3043478260869565,1,0,0,0,0,0,0,0,0,0,0,0,0,0
234,2004,3.3043478260869565,0,0,0,0,0,0,0,0,0,0,0,0,1,0
234,2004,3.3043478260869565,0,0,0,0,0,0,0,0,0,0,0,0,0,1
235,2004,2.25,0,0,0,0,1,0,0,0,0,0,0,0,0,0
235,2004,2.25,0,0,0,0,0,0,0,0,1,0,0,0,0,0
235,2004,2.25,0,0,0,0,0,0,0,0,0,0,0,0,0,1
236,2004,3.324324324324324,0,0,0,0,1,0,0,0,0,0,0,0,0,0
237,2004,3.51,0,0,0,0,1,0,0,0,0,0,0,0,0,0
237,2004,3.51,0,0,0,0,0,0,1,0,0,0,0,0,0,0
237,2004,3.51,0,0,0,0,0,0,0,1,0,0,0,0,0,0
238,2004,3.551282051282051,0,0,0,0,1,0,0,0,0,0,0,0,0,0
239,2004,3.3191489361702127,0,0,0,0,1,0,0,0,0,0,0,0,0,0
239,2004,3.3191489361702127,0,0,0,0,0,0,0,1,0,0,0,0,0,0
239,2004,3.3191489361702127,0,0,0,0,0,0,0,0,0,0,0,1,0,0
240,2004,3.5657894736842106,0,0,0,0,0,0,0,1,0,0,0,0,0,0
240,2004,3.5657894736842106,0,0,0,0,0,0,0,0,0,0,0,1,0,0
241,2004,3.4864864864864864,0,0,0,0,0,0,1,0,0,0,0,0,0,0
242,2004,3.7,0,0,0,0,0,0,0,1,0,0,0,0,0,0
242,2004,3.7,0,0,0,0,0,0,0,0,0,0,0,1,0,0
243,2004,3.771929824561404,0,0,0,0,1,0,0,0,0,0,0,0,0,0
244,2004,3.4918032786885247,1,0,0,0,0,0,0,0,0,0,0,0,0,0
244,2004,3.4918032786885247,0,1,0,0,0,0,0,0,0,0,0,0,0,0
244,2004,3.4918032786885247,0,0,0,0,0,0,0,0,0,0,0,0,1,0
244,2004,3.4918032786885247,0,0,0,0,0,0,0,0,0,0,0,0,0,1
245,2004,3.786666666666666,1,0,0,0,0,0,0,0,0,0,0,0,0,0
245,2004,3.786666666666666,0,0,0,0,0,1,0,0,0,0,0,0,0,0
245,2004,3.786666666666666,0,0,0,0,0,0,0,0,0,0,0,0,0,1
246,2004,3.0416666666666665,0,0,0,0,0,0,0,0,0,0,0,0,0,1
247,2004,3.1923076923076925,0,0,0,0,0,0,0,1,0,0,0,0,0,0
247,2004,3.1923076923076925,0,0,0,0,0,0,0,0,0,0,1,0,0,0
247,2004,3.1923076923076925,0,0,0,0,0,0,0,0,0,0,0,0,0,1
248,2004,3.7083333333333335,0,0,0,0,1,0,0,0,0,0,0,0,0,0
248,2004,3.7083333333333335,0,0,0,0,0,0,0,1,0,0,0,0,0,0
248,2004,3.7083333333333335,0,0,0,0,0,0,0,0,0,0,0,1,0,0
249,2004,3.761363636363636,1,0,0,0,0,0,0,0,0,0,0,0,0,0
249,2004,3.761363636363636,0,0,0,0,0,1,0,0,0,0,0,0,0,0
249,2004,3.761363636363636,0,0,0,0,0,0,0,1,0,0,0,0,0,0
249,2004,3.761363636363636,0,0,0,0,0,0,0,0,0,0,0,0,0,1
250,2004,3.4558823529411766,0,1,0,0,0,0,0,0,0,0,0,0,0,0
250,2004,3.4558823529411766,0,0,0,0,1,0,0,0,0,0,0,0,0,0
251,2004,2.823529411764706,1,0,0,0,0,0,0,0,0,0,0,0,0,0
251,2004,2.823529411764706,0,0,0,0,0,0,0,0,0,1,0,0,0,0
251,2004,2.823529411764706,0,0,0,0,0,0,0,0,0,0,0,0,1,0
251,2004,2.823529411764706,0,0,0,0,0,0,0,0,0,0,0,0,0,1
252,2004,2.9285714285714284,1,0,0,0,0,0,0,0,0,0,0,0,0,0
252,2004,2.9285714285714284,0,0,0,0,0,0,0,0,0,1,0,0,0,0
252,2004,2.9285714285714284,0,0,0,0,0,0,0,0,0,0,0,0,1,0
252,2004,2.9285714285714284,0,0,0,0,0,0,0,0,0,0,0,0,0,1
253,2004,2.638888888888889,1,0,0,0,0,0,0,0,0,0,0,0,0,0
253,2004,2.638888888888889,0,1,0,0,0,0,0,0,0,0,0,0,0,0
253,2004,2.638888888888889,0,0,0,0,0,0,0,0,0,0,0,0,1,0
254,2004,3.796296296296296,0,1,0,0,0,0,0,0,0,0,0,0,0,0
254,2004,3.796296296296296,0,0,0,0,0,0,0,1,0,0,0,0,0,0
255,2004,4.0064935064935066,0,0,0,0,1,0,0,0,0,0,0,0,0,0
255,2004,4.0064935064935066,0,0,0,0,0,0,0,0,0,1,0,0,0,0
256,2004,2.3461538461538463,0,0,1,0,0,0,0,0,0,0,0,0,0,0
256,2004,2.3461538461538463,0,0,0,1,0,0,0,0,0,0,0,0,0,0
256,2004,2.3461538461538463,0,0,0,0,1,0,0,0,0,0,0,0,0,0
257,2004,3.452380952380953,0,0,0,0,1,0,0,0,0,0,0,0,0,0
258,2004,3.794117647058824,0,0,0,0,0,0,0,1,0,0,0,0,0,0
258,2004,3.794117647058824,0,0,0,0,0,0,0,0,0,0,0,0,1,0
259,2004,3.46875,1,0,0,0,0,0,0,0,0,0,0,0,0,0
259,2004,3.46875,0,1,0,0,0,0,0,0,0,0,0,0,0,0
259,2004,3.46875,0,0,1,0,0,0,0,0,0,0,0,0,0,0
259,2004,3.46875,0,0,0,0,1,0,0,0,0,0,0,0,0,0
260,2004,2.3,0,0,0,0,0,0,0,0,0,1,0,0,0,0
260,2004,2.3,0,0,0,0,0,0,0,0,0,0,1,0,0,0
260,2004,2.3,0,0,0,0,0,0,0,0,0,0,0,0,0,1
261,2004,3.743589743589744,0,0,0,0,1,0,0,0,0,0,0,0,0,0
261,2004,3.743589743589744,0,0,0,0,0,0,0,1,0,0,0,0,0,0
261,2004,3.743589743589744,0,0,0,0,0,0,0,0,0,0,0,1,0,0
262,2004,3.986842105263158,0,0,0,0,0,0,0,1,0,0,0,0,0,0
262,2004,3.986842105263158,0,0,0,0,0,0,0,0,0,0,1,0,0,0
262,2004,3.986842105263158,0,0,0,0,0,0,0,0,0,0,0,0,0,1
263,2004,3.1818181818181817,0,0,0,0,0,0,0,0,0,1,0,0,0,0
263,2004,3.1818181818181817,0,0,0,0,0,0,0,0,0,0,1,0,0,0
263,2004,3.1818181818181817,0,0,0,0,0,0,0,0,0,0,0,0,0,1
264,2004,3.684210526315789,0,0,0,0,0,0,0,1,0,0,0,0,0,0
265,2004,3.836,1,0,0,0,0,0,0,0,0,0,0,0,0,0
265,2004,3.836,0,1,0,0,0,0,0,0,0,0,0,0,0,0
265,2004,3.836,0,0,1,0,0,0,0,0,0,0,0,0,0,0
265,2004,3.836,0,0,0,1,0,0,0,0,0,0,0,0,0,0
265,2004,3.836,0,0,0,0,1,0,0,0,0,0,0,0,0,0
266,2004,3.025,0,0,0,0,1,0,0,0,0,0,0,0,0,0
266,2004,3.025,0,0,0,0,0,0,0,1,0,0,0,0,0,0
266,2004,3.025,0,0,0,0,0,0,0,0,0,0,0,1,0,0
267,2004,3.609375,0,0,0,0,0,0,0,1,0,0,0,0,0,0
268,2004,3.263157894736842,1,0,0,0,0,0,0,0,0,0,0,0,0,0
268,2004,3.263157894736842,0,1,0,0,0,0,0,0,0,0,0,0,0,0
268,2004,3.263157894736842,0,0,0,0,0,0,0,1,0,0,0,0,0,0
268,2004,3.263157894736842,0,0,0,0,0,0,0,0,0,0,1,0,0,0
268,2004,3.263157894736842,0,0,0,0,0,0,0,0,0,0,0,0,0,1
269,2004,3.71875,0,0,0,0,0,0,0,1,0,0,0,0,0,0
269,2004,3.71875,0,0,0,0,0,0,0,0,0,0,0,1,0,0
270,2004,3.52,1,0,0,0,0,0,0,0,0,0,0,0,0,0
270,2004,3.52,0,0,0,0,0,0,0,1,0,0,0,0,0,0
270,2004,3.52,0,0,0,0,0,0,0,0,0,0,0,1,0,0
271,2004,3.2906976744186047,1,0,0,0,0,0,0,0,0,0,0,0,0,0
271,2004,3.2906976744186047,0,0,0,0,1,0,0,0,0,0,0,0,0,0
271,2004,3.2906976744186047,0,0,0,0,0,1,0,0,0,0,0,0,0,0
271,2004,3.2906976744186047,0,0,0,0,0,0,0,0,0,0,0,0,0,1
272,2004,2.857142857142857,1,0,0,0,0,0,0,0,0,0,0,0,0,0
272,2004,2.857142857142857,0,0,0,0,0,0,0,0,1,0,0,0,0,0
272,2004,2.857142857142857,0,0,0,0,0,0,0,0,0,1,0,0,0,0
272,2004,2.857142857142857,0,0,0,0,0,0,0,0,0,0,0,0,0,1
273,2003,3.7,1,0,0,0,0,0,0,0,0,0,0,0,0,0
273,2003,3.7,0,0,1,0,0,0,0,0,0,0,0,0,0,0
273,2003,3.7,0,0,0,0,0,0,0,1,0,0,0,0,0,0
273,2003,3.7,0,0,0,0,0,0,0,0,0,0,0,0,1,0
274,2004,3.16,0,1,0,0,0,0,0,0,0,0,0,0,0,0
274,2004,3.16,0,0,0,1,0,0,0,0,0,0,0,0,0,0
274,2004,3.16,0,0,0,0,1,0,0,0,0,0,0,0,0,0
274,2004,3.16,0,0,0,0,0,0,0,0,1,0,0,0,0,0
275,2003,4.089743589743589,0,0,0,0,0,0,0,0,0,0,1,0,0,0
275,2003,4.089743589743589,0,0,0,0,0,0,0,0,0,0,0,0,0,1
276,2003,4.0,1,0,0,0,0,0,0,0,0,0,0,0,0,0
276,2003,4.0,0,0,0,0,0,0,0,0,0,0,0,0,0,1
277,2004,3.363636363636364,0,0,0,0,1,0,0,0,0,0,0,0,0,0
277,2004,3.363636363636364,0,0,0,0,0,0,0,1,0,0,0,0,0,0
277,2004,3.363636363636364,0,0,0,0,0,0,0,0,0,0,0,1,0,0
278,2004,3.909090909090909,0,0,0,0,0,0,0,1,0,0,0,0,0,0
279,2004,3.8157894736842106,0,0,0,0,0,1,0,0,0,0,0,0,0,0
279,2004,3.8157894736842106,0,0,0,0,0,0,0,1,0,0,0,0,0,0
279,2004,3.8157894736842106,0,0,0,0,0,0,0,0,0,0,0,0,0,1
280,2003,3.9,0,0,0,0,0,0,1,0,0,0,0,0,0,0
281,2006,3.613636363636364,0,0,1,0,0,0,0,0,0,0,0,0,0,0
281,2006,3.613636363636364,0,0,0,0,0,0,0,1,0,0,0,0,0,0
281,2006,3.613636363636364,0,0,0,0,0,0,0,0,0,0,1,0,0,0
281,2006,3.613636363636364,0,0,0,0,0,0,0,0,0,0,0,0,1,0
281,2006,3.613636363636364,0,0,0,0,0,0,0,0,0,0,0,0,0,1
282,2004,3.8461538461538463,0,0,0,0,0,0,0,1,0,0,0,0,0,0
283,2004,3.4864864864864864,0,1,0,0,0,0,0,0,0,0,0,0,0,0
283,2004,3.4864864864864864,0,0,0,0,1,0,0,0,0,0,0,0,0,0
283,2004,3.4864864864864864,0,0,0,0,0,0,0,0,1,0,0,0,0,0
284,2004,3.5285714285714285,0,0,0,0,0,0,0,1,0,0,0,0,0,0
285,2004,3.4545454545454546,0,0,0,0,1,0,0,0,0,0,0,0,0,0
285,2004,3.4545454545454546,0,0,0,0,0,0,0,1,0,0,0,0,0,0
286,2004,3.106060606060606,0,0,0,0,1,0,0,0,0,0,0,0,0,0
287,2005,2.05,1,0,0,0,0,0,0,0,0,0,0,0,0,0
287,2005,2.05,0,1,0,0,0,0,0,0,0,0,0,0,0,0
287,2005,2.05,0,0,0,0,0,1,0,0,0,0,0,0,0,0
287,2005,2.05,0,0,0,0,0,0,0,1,0,0,0,0,0,0
288,2005,3.136363636363636,0,0,0,0,1,0,0,0,0,0,0,0,0,0
288,2005,3.136363636363636,0,0,0,0,0,0,0,0,0,0,0,1,0,0
289,2004,4.075,0,1,0,0,0,0,0,0,0,0,0,0,0,0
289,2004,4.075,0,0,1,0,0,0,0,0,0,0,0,0,0,0
289,2004,4.075,0,0,0,0,0,0,0,0,1,0,0,0,0,0
289,2004,4.075,0,0,0,0,0,0,0,0,0,0,0,1,0,0
290,2005,3.1666666666666665,0,0,0,0,1,0,0,0,0,0,0,0,0,0
290,2005,3.1666666666666665,0,0,0,0,0,0,0,0,0,0,0,1,0,0
291,2005,3.4714285714285715,1,0,0,0,0,0,0,0,0,0,0,0,0,0
291,2005,3.4714285714285715,0,0,0,0,0,0,0,0,1,0,0,0,0,0
291,2005,3.4714285714285715,0,0,0,0,0,0,0,0,0,1,0,0,0,0
291,2005,3.4714285714285715,0,0,0,0,0,0,0,0,0,0,0,0,0,1
292,2004,3.5789473684210527,1,0,0,0,0,0,0,0,0,0,0,0,0,0
292,2004,3.5789473684210527,0,0,0,0,1,0,0,0,0,0,0,0,0,0
293,2005,3.05,1,0,0,0,0,0,0,0,0,0,0,0,0,0
293,2005,3.05,0,0,0,0,0,1,0,0,0,0,0,0,0,0
293,2005,3.05,0,0,0,0,0,0,0,1,0,0,0,0,0,0
293,2005,3.05,0,0,0,0,0,0,0,0,0,0,0,0,0,1
294,2005,3.4204545454545454,0,1,0,0,0,0,0,0,0,0,0,0,0,0
294,2005,3.4204545454545454,0,0,0,0,1,0,0,0,0,0,0,0,0,0
294,2005,3.4204545454545454,0,0,0,0,0,0,0,0,0,0,0,0,1,0
295,2004,3.89,0,0,0,0,0,1,0,0,0,0,0,0,0,0
295,2004,3.89,0,0,0,0,0,0,0,1,0,0,0,0,0,0
296,2005,3.4294871794871797,1,0,0,0,0,0,0,0,0,0,0,0,0,0
296,2005,3.4294871794871797,0,1,0,0,0,0,0,0,0,0,0,0,0,0
296,2005,3.4294871794871797,0,0,0,0,0,0,0,0,0,0,0,0,1,0
297,2005,3.375,0,1,0,0,0,0,0,0,0,0,0,0,0,0
297,2005,3.375,0,0,1,0,0,0,0,0,0,0,0,0,0,0
297,2005,3.375,0,0,0,1,0,0,0,0,0,0,0,0,0,0
297,2005,3.375,0,0,0,0,1,0,0,0,0,0,0,0,0,0
298,2005,4.088235294117647,0,0,0,0,0,0,0,1,0,0,0,0,0,0
298,2005,4.088235294117647,0,0,0,0,0,0,0,0,0,0,0,1,0,0
299,2005,3.2796610169491527,1,0,0,0,0,0,0,0,0,0,0,0,0,0
299,2005,3.2796610169491527,0,1,0,0,0,0,0,0,0,0,0,0,0,0
299,2005,3.2796610169491527,0,0,0,0,1,0,0,0,0,0,0,0,0,0
299,2005,3.2796610169491527,0,0,0,0,0,0,0,0,0,0,0,1,0,0
300,2005,2.269230769230769,0,0,0,0,1,0,0,0,0,0,0,0,0,0
300,2005,2.269230769230769,0,0,0,0,0,0,0,0,1,0,0,0,0,0
300,2005,2.269230769230769,0,0,0,0,0,0,0,0,0,0,0,1,0,0
301,2005,3.15,1,0,0,0,0,0,0,0,0,0,0,0,0,0
301,2005,3.15,0,1,0,0,0,0,0,0,0,0,0,0,0,0
301,2005,3.15,0,0,0,0,0,0,0,0,0,0,0,0,1,0
301,2005,3.15,0,0,0,0,0,0,0,0,0,0,0,0,0,1
302,2005,3.555555555555556,0,0,0,0,0,0,1,0,0,0,0,0,0,0
303,2005,2.763888888888889,1,0,0,0,0,0,0,0,0,0,0,0,0,0
303,2005,2.763888888888889,0,1,0,0,0,0,0,0,0,0,0,0,0,0
303,2005,2.763888888888889,0,0,0,0,0,0,0,0,0,0,0,0,1,0
304,2005,3.5086206896551726,0,0,0,0,1,0,0,0,0,0,0,0,0,0
304,2005,3.5086206896551726,0,0,0,0,0,0,0,0,0,0,0,1,0,0
305,2005,3.3548387096774195,1,0,0,0,0,0,0,0,0,0,0,0,0,0
305,2005,3.3548387096774195,0,0,0,0,0,0,0,0,0,0,0,0,1,0
305,2005,3.3548387096774195,0,0,0,0,0,0,0,0,0,0,0,0,0,1
306,2005,3.94,1,0,0,0,0,0,0,0,0,0,0,0,0,0
306,2005,3.94,0,1,0,0,0,0,0,0,0,0,0,0,0,0
306,2005,3.94,0,0,0,0,0,0,0,0,0,0,0,0,1,0
307,2005,3.4761904761904763,0,0,0,0,1,0,0,0,0,0,0,0,0,0
307,2005,3.4761904761904763,0,0,0,0,0,0,0,1,0,0,0,0,0,0
308,2005,2.083333333333333,1,0,0,0,0,0,0,0,0,0,0,0,0,0
308,2005,2.083333333333333,0,1,0,0,0,0,0,0,0,0,0,0,0,0
308,2005,2.083333333333333,0,0,0,0,1,0,0,0,0,0,0,0,0,0
309,2005,3.5472972972972974,0,0,0,0,1,0,0,0,0,0,0,0,0,0
309,2005,3.5472972972972974,0,0,0,0,0,0,0,0,0,0,0,1,0,0
310,2005,2.625,0,0,0,0,1,0,0,0,0,0,0,0,0,0
310,2005,2.625,0,0,0,0,0,0,0,0,1,0,0,0,0,0
310,2005,2.625,0,0,0,0,0,0,0,0,0,1,0,0,0,0
310,2005,2.625,0,0,0,0,0,0,0,0,0,0,0,0,0,1
311,2005,3.4615384615384617,0,0,0,0,0,0,0,1,0,0,0,0,0,0
311,2005,3.4615384615384617,0,0,0,0,0,0,0,0,0,0,0,0,0,1
312,2005,3.21875,1,0,0,0,0,0,0,0,0,0,0,0,0,0
312,2005,3.21875,0,0,0,0,0,1,0,0,0,0,0,0,0,0
312,2005,3.21875,0,0,0,0,0,0,0,0,0,0,0,0,0,1
313,2005,3.7083333333333335,0,1,0,0,0,0,0,0,0,0,0,0,0,0
313,2005,3.7083333333333335,0,0,1,0,0,0,0,0,0,0,0,0,0,0
313,2005,3.7083333333333335,0,0,0,0,1,0,0,0,0,0,0,0,0,0
314,2005,2.15,1,0,0,0,0,0,0,0,0,0,0,0,0,0
314,2005,2.15,0,0,0,0,0,0,0,0,0,1,0,0,0,0
314,2005,2.15,0,0,0,0,0,0,0,0,0,0,0,0,1,0
315,2005,3.269230769230769,0,0,0,0,1,0,0,0,0,0,0,0,0,0
316,2005,2.761904761904762,1,0,0,0,0,0,0,0,0,0,0,0,0,0
316,2005,2.761904761904762,0,0,0,0,0,0,0,0,0,0,0,0,1,0
317,2005,2.863636363636364,1,0,0,0,0,0,0,0,0,0,0,0,0,0
317,2005,2.863636363636364,0,0,0,0,0,0,0,1,0,0,0,0,0,0
317,2005,2.863636363636364,0,0,0,0,0,0,0,0,0,0,0,0,0,1
318,2005,3.5,1,0,0,0,0,0,0,0,0,0,0,0,0,0
318,2005,3.5,0,0,0,0,0,1,0,0,0,0,0,0,0,0
318,2005,3.5,0,0,0,0,0,0,0,1,0,0,0,0,0,0
318,2005,3.5,0,0,0,0,0,0,0,0,0,0,0,0,0,1
319,2005,3.869565217391304,0,0,0,0,0,1,0,0,0,0,0,0,0,0
319,2005,3.869565217391304,0,0,0,0,0,0,0,1,0,0,0,0,0,0
320,2004,3.55,1,0,0,0,0,0,0,0,0,0,0,0,0,0
320,2004,3.55,0,1,0,0,0,0,0,0,0,0,0,0,0,0
320,2004,3.55,0,0,1,0,0,0,0,0,0,0,0,0,0,0
320,2004,3.55,0,0,0,0,0,0,0,0,1,0,0,0,0,0
320,2004,3.55,0,0,0,0,0,0,0,0,0,0,0,0,1,0
321,2005,3.633333333333333,0,1,0,0,0,0,0,0,0,0,0,0,0,0
321,2005,3.633333333333333,0,0,1,0,0,0,0,0,0,0,0,0,0,0
321,2005,3.633333333333333,0,0,0,1,0,0,0,0,0,0,0,0,0,0
321,2005,3.633333333333333,0,0,0,0,1,0,0,0,0,0,0,0,0,0
322,2005,4.071428571428571,0,0,0,0,1,0,0,0,0,0,0,0,0,0
322,2005,4.071428571428571,0,0,0,0,0,1,0,0,0,0,0,0,0,0
322,2005,4.071428571428571,0,0,0,0,0,0,0,0,0,0,1,0,0,0
322,2005,4.071428571428571,0,0,0,0,0,0,0,0,0,0,0,0,0,1
323,2005,3.5588235294117645,0,0,0,0,0,0,0,1,0,0,0,0,0,0
323,2005,3.5588235294117645,0,0,0,0,0,0,0,0,0,0,0,1,0,0
324,2005,3.775,0,0,0,0,0,1,0,0,0,0,0,0,0,0
324,2005,3.775,0,0,0,0,0,0,0,1,0,0,0,0,0,0
325,2005,2.8076923076923075,0,0,0,0,0,0,0,0,0,1,0,0,0,0
325,2005,2.8076923076923075,0,0,0,0,0,0,0,0,0,0,0,0,0,1
326,2005,3.53125,0,0,0,0,0,0,0,1,0,0,0,0,0,0
326,2005,3.53125,0,0,0,0,0,0,0,0,0,0,0,0,0,1
327,2005,3.555555555555556,0,0,0,0,0,0,0,1,0,0,0,0,0,0
327,2005,3.555555555555556,0,0,0,0,0,0,0,0,0,0,0,1,0,0
328,2005,3.5454545454545454,0,1,0,0,0,0,0,0,0,0,0,0,0,0
328,2005,3.5454545454545454,0,0,0,0,0,0,0,1,0,0,0,0,0,0
328,2005,3.5454545454545454,0,0,0,0,0,0,0,0,0,1,0,0,0,0
328,2005,3.5454545454545454,0,0,0,0,0,0,0,0,0,0,0,0,0,1
329,2005,3.4411764705882355,0,0,0,0,0,1,0,0,0,0,0,0,0,0
329,2005,3.4411764705882355,0,0,0,0,0,0,0,1,0,0,0,0,0,0
329,2005,3.4411764705882355,0,0,0,0,0,0,0,0,0,0,0,1,0,0
330,2005,3.443548387096774,0,1,0,0,0,0,0,0,0,0,0,0,0,0
330,2005,3.443548387096774,0,0,0,1,0,0,0,0,0,0,0,0,0,0
330,2005,3.443548387096774,0,0,0,0,0,0,0,0,1,0,0,0,0,0
331,2005,3.4,1,0,0,0,0,0,0,0,0,0,0,0,0,0
331,2005,3.4,0,1,0,0,0,0,0,0,0,0,0,0,0,0
331,2005,3.4,0,0,0,0,0,0,0,1,0,0,0,0,0,0
331,2005,3.4,0,0,0,0,0,0,0,0,1,0,0,0,0,0
331,2005,3.4,0,0,0,0,0,0,0,0,0,0,0,0,0,1
332,2005,3.809523809523809,1,0,0,0,0,0,0,0,0,0,0,0,0,0
332,2005,3.809523809523809,0,0,0,0,0,1,0,0,0,0,0,0,0,0
332,2005,3.809523809523809,0,0,0,0,0,0,0,1,0,0,0,0,0,0
332,2005,3.809523809523809,0,0,0,0,0,0,0,0,0,0,0,0,0,1
333,2005,2.1818181818181817,0,0,0,0,1,0,0,0,0,0,0,0,0,0
333,2005,2.1818181818181817,0,0,0,0,0,1,0,0,0,0,0,0,0,0
334,2005,2.863636363636364,0,0,0,0,0,0,0,0,0,1,0,0,0,0
335,2006,3.09375,1,0,0,0,0,0,0,0,0,0,0,0,0,0
335,2006,3.09375,0,0,0,0,0,0,0,0,1,0,0,0,0,0
335,2006,3.09375,0,0,0,0,0,0,0,0,0,1,0,0,0,0
336,2006,1.9230769230769231,1,0,0,0,0,0,0,0,0,0,0,0,0,0
336,2006,1.9230769230769231,0,0,0,0,0,0,0,0,1,0,0,0,0,0
336,2006,1.9230769230769231,0,0,0,0,0,0,0,0,0,0,0,0,1,0
336,2006,1.9230769230769231,0,0,0,0,0,0,0,0,0,0,0,0,0,1
337,2006,3.217391304347826,0,1,0,0,0,0,0,0,0,0,0,0,0,0
337,2006,3.217391304347826,0,0,1,0,0,0,0,0,0,0,0,0,0,0
337,2006,3.217391304347826,0,0,0,1,0,0,0,0,0,0,0,0,0,0
337,2006,3.217391304347826,0,0,0,0,1,0,0,0,0,0,0,0,0,0
338,2006,4.027777777777778,0,0,0,0,1,0,0,0,0,0,0,0,0,0
338,2006,4.027777777777778,0,0,0,0,0,0,0,1,0,0,0,0,0,0
339,2006,3.8,0,0,0,0,0,1,0,0,0,0,0,0,0,0
339,2006,3.8,0,0,0,0,0,0,0,1,0,0,0,0,0,0
339,2006,3.8,0,0,0,0,0,0,0,0,0,0,0,0,0,1
340,2006,4.117647058823529,0,0,0,0,0,0,0,1,0,0,0,0,0,0
340,2006,4.117647058823529,0,0,0,0,0,0,0,0,0,0,0,1,0,0
340,2006,4.117647058823529,0,0,0,0,0,0,0,0,0,0,0,0,0,1
341,2006,3.8552631578947367,0,0,0,0,0,1,0,0,0,0,0,0,0,0
341,2006,3.8552631578947367,0,0,0,0,0,0,0,1,0,0,0,0,0,0
341,2006,3.8552631578947367,0,0,0,0,0,0,0,0,0,0,1,0,0,0
342,2006,2.772727272727273,0,0,0,0,1,0,0,0,0,0,0,0,0,0
343,2006,2.25,0,0,0,0,1,0,0,0,0,0,0,0,0,0
343,2006,2.25,0,0,0,0,0,0,0,0,0,1,0,0,0,0
344,2005,3.5,0,0,0,0,0,0,0,1,0,0,0,0,0,0
344,2005,3.5,0,0,0,0,0,0,0,0,0,0,0,0,0,1
345,2006,2.958333333333333,0,0,0,0,0,0,0,0,1,0,0,0,0,0
345,2006,2.958333333333333,0,0,0,0,0,0,0,0,0,1,0,0,0,0
345,2006,2.958333333333333,0,0,0,0,0,0,0,0,0,0,0,0,0,1
346,2006,3.5892857142857144,1,0,0,0,0,0,0,0,0,0,0,0,0,0
346,2006,3.5892857142857144,0,1,0,0,0,0,0,0,0,0,0,0,0,0
346,2006,3.5892857142857144,0,0,0,0,0,0,0,0,0,0,0,0,0,1
347,2006,3.4285714285714284,0,1,0,0,0,0,0,0,0,0,0,0,0,0
347,2006,3.4285714285714284,0,0,1,0,0,0,0,0,0,0,0,0,0,0
347,2006,3.4285714285714284,0,0,0,1,0,0,0,0,0,0,0,0,0,0
347,2006,3.4285714285714284,0,0,0,0,1,0,0,0,0,0,0,0,0,0
348,2006,3.122448979591837,0,0,0,0,0,0,0,1,0,0,0,0,0,0
348,2006,3.122448979591837,0,0,0,0,0,0,0,0,0,0,1,0,0,0
348,2006,3.122448979591837,0,0,0,0,0,0,0,0,0,0,0,0,0,1
349,2006,3.355769230769231,1,0,0,0,0,0,0,0,0,0,0,0,0,0
349,2006,3.355769230769231,0,0,0,0,0,0,0,0,0,0,0,0,1,0
349,2006,3.355769230769231,0,0,0,0,0,0,0,0,0,0,0,0,0,1
350,2006,2.590909090909091,0,0,0,0,1,0,0,0,0,0,0,0,0,0
350,2006,2.590909090909091,0,0,0,0,0,0,0,1,0,0,0,0,0,0
350,2006,2.590909090909091,0,0,0,0,0,0,0,0,0,0,0,1,0,0
351,2006,3.3780487804878048,0,0,1,0,0,0,0,0,0,0,0,0,0,0
351,2006,3.3780487804878048,0,0,0,1,0,0,0,0,0,0,0,0,0,0
351,2006,3.3780487804878048,0,0,0,0,1,0,0,0,0,0,0,0,0,0
352,2006,2.4642857142857144,0,0,0,0,1,0,0,0,0,0,0,0,0,0
353,2006,3.1,0,0,0,0,0,0,0,1,0,0,0,0,0,0
353,2006,3.1,0,0,0,0,0,0,0,0,1,0,0,0,0,0
353,2006,3.1,0,0,0,0,0,0,0,0,0,0,0,1,0,0
354,2006,2.9782608695652173,0,1,0,0,0,0,0,0,0,0,0,0,0,0
354,2006,2.9782608695652173,0,0,0,0,1,0,0,0,0,0,0,0,0,0
354,2006,2.9782608695652173,0,0,0,0,0,0,0,1,0,0,0,0,0,0
354,2006,2.9782608695652173,0,0,0,0,0,0,0,0,1,0,0,0,0,0
354,2006,2.9782608695652173,0,0,0,0,0,0,0,0,0,0,0,1,0,0
355,2006,3.5588235294117645,0,0,0,0,1,0,0,0,0,0,0,0,0,0
355,2006,3.5588235294117645,0,0,0,0,0,0,0,1,0,0,0,0,0,0
356,2006,3.5069444444444446,1,0,0,0,0,0,0,0,0,0,0,0,0,0
356,2006,3.5069444444444446,0,1,0,0,0,0,0,0,0,0,0,0,0,0
356,2006,3.5069444444444446,0,0,0,0,0,0,0,0,1,0,0,0,0,0
357,2006,3.8846153846153846,0,0,0,0,1,0,0,0,0,0,0,0,0,0
358,2006,3.1923076923076925,0,0,0,0,0,0,0,1,0,0,0,0,0,0
358,2006,3.1923076923076925,0,0,0,0,0,0,0,0,0,0,0,1,0,0
359,2006,3.576923076923077,0,0,0,0,0,0,1,0,0,0,0,0,0,0
360,2006,2.090909090909091,1,0,0,0,0,0,0,0,0,0,0,0,0,0
360,2006,2.090909090909091,0,0,0,0,0,1,0,0,0,0,0,0,0,0
360,2006,2.090909090909091,0,0,0,0,0,0,0,1,0,0,0,0,0,0
360,2006,2.090909090909091,0,0,0,0,0,0,0,0,0,0,0,0,0,1
361,2006,3.883116883116883,0,1,0,0,0,0,0,0,0,0,0,0,0,0
361,2006,3.883116883116883,0,0,0,0,1,0,0,0,0,0,0,0,0,0
361,2006,3.883116883116883,0,0,0,0,0,0,0,1,0,0,0,0,0,0
362,2006,3.5,0,0,0,0,0,0,0,1,0,0,0,0,0,0
362,2006,3.5,0,0,0,0,0,0,0,0,0,0,0,0,0,1
363,2006,2.642857142857143,1,0,0,0,0,0,0,0,0,0,0,0,0,0
363,2006,2.642857142857143,0,0,0,0,1,0,0,0,0,0,0,0,0,0
363,2006,2.642857142857143,0,0,0,0,0,0,0,0,0,1,0,0,0,0
363,2006,2.642857142857143,0,0,0,0,0,0,0,0,0,0,0,0,0,1
364,2006,3.25,1,0,0,0,0,0,0,0,0,0,0,0,0,0
364,2006,3.25,0,0,0,0,1,0,0,0,0,0,0,0,0,0
365,2006,3.6931818181818175,0,0,0,0,1,0,0,0,0,0,0,0,0,0
365,2006,3.6931818181818175,0,0,0,0,0,0,0,1,0,0,0,0,0,0
365,2006,3.6931818181818175,0,0,0,0,0,0,0,0,1,0,0,0,0,0
365,2006,3.6931818181818175,0,0,0,0,0,0,0,0,0,0,0,1,0,0
366,2006,2.75,1,0,0,0,0,0,0,0,0,0,0,0,0,0
366,2006,2.75,0,0,0,0,0,1,0,0,0,0,0,0,0,0
366,2006,2.75,0,0,0,0,0,0,0,1,0,0,0,0,0,0
366,2006,2.75,0,0,0,0,0,0,0,0,0,0,0,0,0,1
367,2006,3.793478260869565,0,0,0,0,0,0,0,1,0,0,0,0,0,0
368,2006,3.4285714285714284,1,0,0,0,0,0,0,0,0,0,0,0,0,0
368,2006,3.4285714285714284,0,0,0,0,0,0,0,0,0,0,0,0,0,1
369,2006,2.9285714285714284,0,0,0,0,1,0,0,0,0,0,0,0,0,0
370,2006,3.779069767441861,0,0,0,0,0,0,0,1,0,0,0,0,0,0
370,2006,3.779069767441861,0,0,0,0,0,0,0,0,1,0,0,0,0,0
370,2006,3.779069767441861,0,0,0,0,0,0,0,0,0,0,1,0,0,0
370,2006,3.779069767441861,0,0,0,0,0,0,0,0,0,0,0,1,0,0
371,2006,3.730769230769231,0,0,0,0,0,0,0,1,0,0,0,0,0,0
372,2006,3.7222222222222223,0,1,0,0,0,0,0,0,0,0,0,0,0,0
372,2006,3.7222222222222223,0,0,0,0,1,0,0,0,0,0,0,0,0,0
372,2006,3.7222222222222223,0,0,0,0,0,0,0,0,0,0,0,0,1,0
372,2006,3.7222222222222223,0,0,0,0,0,0,0,0,0,0,0,0,0,1
373,2006,3.5,0,0,0,0,0,0,0,1,0,0,0,0,0,0
373,2006,3.5,0,0,0,0,0,0,0,0,1,0,0,0,0,0
373,2006,3.5,0,0,0,0,0,0,0,0,0,0,0,1,0,0
374,2006,3.863636363636364,0,0,0,0,1,0,0,0,0,0,0,0,0,0
374,2006,3.863636363636364,0,0,0,0,0,0,0,1,0,0,0,0,0,0
374,2006,3.863636363636364,0,0,0,0,0,0,0,0,1,0,0,0,0,0
374,2006,3.863636363636364,0,0,0,0,0,0,0,0,0,0,0,1,0,0
375,2006,3.6052631578947367,0,1,0,0,0,0,0,0,0,0,0,0,0,0
375,2006,3.6052631578947367,0,0,0,0,0,0,0,1,0,0,0,0,0,0
375,2006,3.6052631578947367,0,0,0,0,0,0,0,0,0,0,0,0,0,1
376,2006,3.3461538461538463,0,0,0,0,1,0,0,0,0,0,0,0,0,0
377,2006,3.814814814814815,0,0,0,0,0,0,0,1,0,0,0,0,0,0
377,2006,3.814814814814815,0,0,0,0,0,0,0,0,1,0,0,0,0,0
377,2006,3.814814814814815,0,0,0,0,0,0,0,0,0,0,0,0,0,1
378,2006,4.252336448598131,0,0,0,0,0,1,0,0,0,0,0,0,0,0
378,2006,4.252336448598131,0,0,0,0,0,0,0,1,0,0,0,0,0,0
378,2006,4.252336448598131,0,0,0,0,0,0,0,0,0,0,0,0,0,1
379,2006,3.975,0,0,0,0,0,0,0,1,0,0,0,0,0,0
379,2006,3.975,0,0,0,0,0,0,0,0,0,0,0,0,0,1
380,2006,3.9453125,1,0,0,0,0,0,0,0,0,0,0,0,0,0
380,2006,3.9453125,0,1,0,0,0,0,0,0,0,0,0,0,0,0
380,2006,3.9453125,0,0,0,0,0,0,0,1,0,0,0,0,0,0
380,2006,3.9453125,0,0,0,0,0,0,0,0,0,0,0,0,1,0
380,2006,3.9453125,0,0,0,0,0,0,0,0,0,0,0,0,0,1
381,2006,4.005555555555556,0,0,0,0,0,0,0,1,0,0,0,0,0,0
381,2006,4.005555555555556,0,0,0,0,0,0,0,0,0,0,1,0,0,0
381,2006,4.005555555555556,0,0,0,0,0,0,0,0,0,0,0,0,1,0
381,2006,4.005555555555556,0,0,0,0,0,0,0,0,0,0,0,0,0,1
382,2006,3.0454545454545454,0,0,0,0,0,1,0,0,0,0,0,0,0,0
382,2006,3.0454545454545454,0,0,0,0,0,0,0,0,0,1,0,0,0,0
382,2006,3.0454545454545454,0,0,0,0,0,0,0,0,0,0,0,0,0,1
383,2006,3.9444444444444446,1,0,0,0,0,0,0,0,0,0,0,0,0,0
383,2006,3.9444444444444446,0,1,0,0,0,0,0,0,0,0,0,0,0,0
383,2006,3.9444444444444446,0,0,0,0,0,0,0,0,0,0,0,0,0,1
384,2006,3.3,1,0,0,0,0,0,0,0,0,0,0,0,0,0
384,2006,3.3,0,0,0,0,0,0,0,0,0,0,0,0,1,0
384,2006,3.3,0,0,0,0,0,0,0,0,0,0,0,0,0,1
385,2006,3.208333333333333,0,0,0,0,1,0,0,0,0,0,0,0,0,0
385,2006,3.208333333333333,0,0,0,0,0,0,0,0,0,0,0,1,0,0
386,2006,2.333333333333333,1,0,0,0,0,0,0,0,0,0,0,0,0,0
386,2006,2.333333333333333,0,1,0,0,0,0,0,0,0,0,0,0,0,0
386,2006,2.333333333333333,0,0,0,0,0,0,0,0,1,0,0,0,0,0
387,2006,3.321428571428572,1,0,0,0,0,0,0,0,0,0,0,0,0,0
387,2006,3.321428571428572,0,0,0,0,0,0,0,1,0,0,0,0,0,0
388,2006,3.1,1,0,0,0,0,0,0,0,0,0,0,0,0,0
388,2006,3.1,0,0,0,0,0,1,0,0,0,0,0,0,0,0
388,2006,3.1,0,0,0,0,0,0,0,1,0,0,0,0,0,0
388,2006,3.1,0,0,0,0,0,0,0,0,0,0,0,0,0,1
389,2007,3.8680555555555554,0,0,1,0,0,0,0,0,0,0,0,0,0,0
389,2007,3.8680555555555554,0,0,0,1,0,0,0,0,0,0,0,0,0,0
389,2007,3.8680555555555554,0,0,0,0,0,0,0,1,0,0,0,0,0,0
390,2007,2.25,1,0,0,0,0,0,0,0,0,0,0,0,0,0
390,2007,2.25,0,0,0,0,0,0,0,0,1,0,0,0,0,0
390,2007,2.25,0,0,0,0,0,0,0,0,0,0,0,0,0,1
391,2007,3.1,0,0,0,0,1,0,0,0,0,0,0,0,0,0
391,2007,3.1,0,0,0,0,0,0,0,0,0,0,0,1,0,0
392,2007,2.9285714285714284,0,0,0,0,0,0,0,1,0,0,0,0,0,0
392,2007,2.9285714285714284,0,0,0,0,0,0,0,0,0,0,1,0,0,0
392,2007,2.9285714285714284,0,0,0,0,0,0,0,0,0,0,0,0,0,1
393,2007,4.0,1,0,0,0,0,0,0,0,0,0,0,0,0,0
393,2007,4.0,0,0,0,0,1,0,0,0,0,0,0,0,0,0
393,2007,4.0,0,0,0,0,0,1,0,0,0,0,0,0,0,0
393,2007,4.0,0,0,0,0,0,0,0,0,0,0,1,0,0,0
394,2007,2.821428571428572,1,0,0,0,0,0,0,0,0,0,0,0,0,0
394,2007,2.821428571428572,0,0,0,0,0,0,0,0,0,0,0,0,1,0
394,2007,2.821428571428572,0,0,0,0,0,0,0,0,0,0,0,0,0,1
395,2007,3.710526315789474,0,0,0,0,0,1,0,0,0,0,0,0,0,0
395,2007,3.710526315789474,0,0,0,0,0,0,0,1,0,0,0,0,0,0
395,2007,3.710526315789474,0,0,0,0,0,0,0,0,0,0,0,0,0,1
396,2007,3.86,1,0,0,0,0,0,0,0,0,0,0,0,0,0
396,2007,3.86,0,0,0,0,0,0,0,1,0,0,0,0,0,0
396,2007,3.86,0,0,0,0,0,0,0,0,0,0,0,0,0,1
397,2007,3.088235294117647,0,0,0,0,1,0,0,0,0,0,0,0,0,0
397,2007,3.088235294117647,0,0,0,0,0,0,0,0,0,0,0,1,0,0
398,2007,3.425925925925926,1,0,0,0,0,0,0,0,0,0,0,0,0,0
398,2007,3.425925925925926,0,0,0,0,0,1,0,0,0,0,0,0,0,0
398,2007,3.425925925925926,0,0,0,0,0,0,0,0,0,1,0,0,0,0
398,2007,3.425925925925926,0,0,0,0,0,0,0,0,0,0,0,0,1,0
398,2007,3.425925925925926,0,0,0,0,0,0,0,0,0,0,0,0,0,1
399,2007,3.5454545454545454,1,0,0,0,0,0,0,0,0,0,0,0,0,0
399,2007,3.5454545454545454,0,1,0,0,0,0,0,0,0,0,0,0,0,0
399,2007,3.5454545454545454,0,0,1,0,0,0,0,0,0,0,0,0,0,0
399,2007,3.5454545454545454,0,0,0,1,0,0,0,0,0,0,0,0,0,0
399,2007,3.5454545454545454,0,0,0,0,1,0,0,0,0,0,0,0,0,0
399,2007,3.5454545454545454,0,0,0,0,0,0,0,0,0,0,0,0,1,0
400,2007,3.642857142857143,0,1,0,0,0,0,0,0,0,0,0,0,0,0
400,2007,3.642857142857143,0,0,0,0,0,0,0,1,0,0,0,0,0,0
400,2007,3.642857142857143,0,0,0,0,0,0,0,0,0,0,0,0,1,0
400,2007,3.642857142857143,0,0,0,0,0,0,0,0,0,0,0,0,0,1
401,2007,3.15,0,0,0,0,0,0,0,1,0,0,0,0,0,0
401,2007,3.15,0,0,0,0,0,0,0,0,0,0,0,0,0,1
402,2007,3.6666666666666665,0,0,0,0,0,1,0,0,0,0,0,0,0,0
402,2007,3.6666666666666665,0,0,0,0,0,0,0,1,0,0,0,0,0,0
402,2007,3.6666666666666665,0,0,0,0,0,0,0,0,0,0,1,0,0,0
402,2007,3.6666666666666665,0,0,0,0,0,0,0,0,0,0,0,0,0,1
403,2007,3.6538461538461537,0,0,0,0,1,0,0,0,0,0,0,0,0,0
403,2007,3.6538461538461537,0,0,0,0,0,0,0,1,0,0,0,0,0,0
403,2007,3.6538461538461537,0,0,0,0,0,0,0,0,0,0,0,1,0,0
404,2007,3.595238095238096,0,0,0,0,0,0,0,0,0,1,0,0,0,0
404,2007,3.595238095238096,0,0,0,0,0,0,0,0,0,0,0,0,1,0
404,2007,3.595238095238096,0,0,0,0,0,0,0,0,0,0,0,0,0,1
405,2007,3.023809523809524,0,1,0,0,0,0,0,0,0,0,0,0,0,0
405,2007,3.023809523809524,0,0,1,0,0,0,0,0,0,0,0,0,0,0
405,2007,3.023809523809524,0,0,0,1,0,0,0,0,0,0,0,0,0,0
405,2007,3.023809523809524,0,0,0,0,1,0,0,0,0,0,0,0,0,0
405,2007,3.023809523809524,0,0,0,0,0,0,0,0,1,0,0,0,0,0
406,2007,3.4375,1,0,0,0,0,0,0,0,0,0,0,0,0,0
406,2007,3.4375,0,1,0,0,0,0,0,0,0,0,0,0,0,0
406,2007,3.4375,0,0,0,0,1,0,0,0,0,0,0,0,0,0
406,2007,3.4375,0,0,0,0,0,0,0,0,1,0,0,0,0,0
407,2007,3.484848484848485,0,0,0,0,0,1,0,0,0,0,0,0,0,0
407,2007,3.484848484848485,0,0,0,0,0,0,0,0,0,0,0,0,0,1
408,2007,2.575,1,0,0,0,0,0,0,0,0,0,0,0,0,0
408,2007,2.575,0,1,0,0,0,0,0,0,0,0,0,0,0,0
408,2007,2.575,0,0,0,0,0,0,0,0,0,0,0,0,1,0
409,2007,3.1346153846153846,1,0,0,0,0,0,0,0,0,0,0,0,0,0
409,2007,3.1346153846153846,0,1,0,0,0,0,0,0,0,0,0,0,0,0
409,2007,3.1346153846153846,0,0,0,0,0,1,0,0,0,0,0,0,0,0
409,2007,3.1346153846153846,0,0,0,0,0,0,0,0,0,1,0,0,0,0
409,2007,3.1346153846153846,0,0,0,0,0,0,0,0,0,0,0,0,0,1
410,2007,3.7142857142857135,0,0,0,0,0,0,1,0,0,0,0,0,0,0
410,2007,3.7142857142857135,0,0,0,0,0,0,0,1,0,0,0,0,0,0
411,2007,3.16,0,0,0,0,0,0,0,1,0,0,0,0,0,0
411,2007,3.16,0,0,0,0,0,0,0,0,0,1,0,0,0,0
411,2007,3.16,0,0,0,0,0,0,0,0,0,0,0,0,0,1
412,2007,3.40625,1,0,0,0,0,0,0,0,0,0,0,0,0,0
412,2007,3.40625,0,1,0,0,0,0,0,0,0,0,0,0,0,0
412,2007,3.40625,0,0,0,0,0,1,0,0,0,0,0,0,0,0
412,2007,3.40625,0,0,0,0,0,0,0,0,0,0,0,0,0,1
413,2007,2.5384615384615383,0,0,0,0,1,0,0,0,0,0,0,0,0,0
413,2007,2.5384615384615383,0,0,0,0,0,0,0,0,1,0,0,0,0,0
414,2007,3.4545454545454546,0,0,0,0,1,0,0,0,0,0,0,0,0,0
414,2007,3.4545454545454546,0,0,0,0,0,0,0,0,0,0,0,1,0,0
415,2007,3.602941176470588,0,1,0,0,0,0,0,0,0,0,0,0,0,0
415,2007,3.602941176470588,0,0,0,0,1,0,0,0,0,0,0,0,0,0
415,2007,3.602941176470588,0,0,0,0,0,0,0,0,1,0,0,0,0,0
415,2007,3.602941176470588,0,0,0,0,0,0,0,0,0,0,0,1,0,0
416,2007,3.619565217391304,0,0,1,0,0,0,0,0,0,0,0,0,0,0
416,2007,3.619565217391304,0,0,0,0,1,0,0,0,0,0,0,0,0,0
417,2007,3.697530864197531,1,0,0,0,0,0,0,0,0,0,0,0,0,0
417,2007,3.697530864197531,0,0,0,0,0,1,0,0,0,0,0,0,0,0
417,2007,3.697530864197531,0,0,0,0,0,0,0,0,0,0,0,0,0,1
418,2007,3.863636363636364,0,0,0,0,1,0,0,0,0,0,0,0,0,0
419,2007,3.9166666666666665,0,0,0,0,0,0,1,0,0,0,0,0,0,0
420,2007,3.7954545454545454,1,0,0,0,0,0,0,0,0,0,0,0,0,0
420,2007,3.7954545454545454,0,0,0,0,0,0,0,0,0,1,0,0,0,0
420,2007,3.7954545454545454,0,0,0,0,0,0,0,0,0,0,0,0,1,0
421,2007,3.458333333333333,1,0,0,0,0,0,0,0,0,0,0,0,0,0
421,2007,3.458333333333333,0,0,0,0,1,0,0,0,0,0,0,0,0,0
421,2007,3.458333333333333,0,0,0,0,0,1,0,0,0,0,0,0,0,0
422,2007,4.026315789473684,0,0,0,0,0,1,0,0,0,0,0,0,0,0
422,2007,4.026315789473684,0,0,0,0,0,0,0,1,0,0,0,0,0,0
422,2007,4.026315789473684,0,0,0,0,0,0,0,0,0,0,0,0,0,1
423,2007,2.95,1,0,0,0,0,0,0,0,0,0,0,0,0,0
423,2007,2.95,0,0,0,0,0,0,0,0,0,1,0,0,0,0
423,2007,2.95,0,0,0,0,0,0,0,0,0,0,0,0,1,0
423,2007,2.95,0,0,0,0,0,0,0,0,0,0,0,0,0,1
424,2007,3.902439024390244,1,0,0,0,0,0,0,0,0,0,0,0,0,0
424,2007,3.902439024390244,0,1,0,0,0,0,0,0,0,0,0,0,0,0
424,2007,3.902439024390244,0,0,0,0,0,0,0,1,0,0,0,0,0,0
425,2007,3.4285714285714284,0,1,0,0,0,0,0,0,0,0,0,0,0,0
425,2007,3.4285714285714284,0,0,0,0,1,0,0,0,0,0,0,0,0,0
425,2007,3.4285714285714284,0,0,0,0,0,0,0,1,0,0,0,0,0,0
426,2007,3.911764705882353,0,0,0,0,0,0,0,1,0,0,0,0,0,0
426,2007,3.911764705882353,0,0,0,0,0,0,0,0,0,0,0,0,0,1
427,2007,3.1818181818181817,0,0,0,0,0,0,0,0,0,1,0,0,0,0
427,2007,3.1818181818181817,0,0,0,0,0,0,0,0,0,0,0,0,0,1
428,2007,3.45,0,0,0,0,0,1,0,0,0,0,0,0,0,0
428,2007,3.45,0,0,0,0,0,0,0,1,0,0,0,0,0,0
428,2007,3.45,0,0,0,0,0,0,0,0,0,0,1,0,0,0
429,2007,4.181818181818182,0,0,1,0,0,0,0,0,0,0,0,0,0,0
429,2007,4.181818181818182,0,0,0,0,0,0,0,1,0,0,0,0,0,0
430,2007,4.3,1,0,0,0,0,0,0,0,0,0,0,0,0,0
430,2007,4.3,0,0,0,0,0,1,0,0,0,0,0,0,0,0
430,2007,4.3,0,0,0,0,0,0,0,1,0,0,0,0,0,0
430,2007,4.3,0,0,0,0,0,0,0,0,0,0,0,0,0,1
431,2007,3.905405405405405,0,0,0,0,0,1,0,0,0,0,0,0,0,0
431,2007,3.905405405405405,0,0,0,0,0,0,0,1,0,0,0,0,0,0
431,2007,3.905405405405405,0,0,0,0,0,0,0,0,0,0,0,0,0,1
432,2007,3.15,0,0,1,0,0,0,0,0,0,0,0,0,0,0
432,2007,3.15,0,0,0,0,1,0,0,0,0,0,0,0,0,0
433,2007,3.8984375,0,0,0,0,0,1,0,0,0,0,0,0,0,0
433,2007,3.8984375,0,0,0,0,0,0,0,1,0,0,0,0,0,0
434,2008,3.4,0,0,0,0,1,0,0,0,0,0,0,0,0,0
435,2007,3.4285714285714284,0,0,0,0,0,0,0,0,0,1,0,0,0,0
435,2007,3.4285714285714284,0,0,0,0,0,0,0,0,0,0,0,0,1,0
436,2007,3.111111111111111,0,1,0,0,0,0,0,0,0,0,0,0,0,0
436,2007,3.111111111111111,0,0,0,1,0,0,0,0,0,0,0,0,0,0
436,2007,3.111111111111111,0,0,0,0,0,0,0,0,1,0,0,0,0,0
437,2007,3.9,0,0,1,0,0,0,0,0,0,0,0,0,0,0
437,2007,3.9,0,0,0,0,1,0,0,0,0,0,0,0,0,0
437,2007,3.9,0,0,0,0,0,0,0,0,0,0,0,0,1,0
438,2007,3.769230769230769,0,0,0,0,1,0,0,0,0,0,0,0,0,0
438,2007,3.769230769230769,0,0,0,0,0,0,0,1,0,0,0,0,0,0
438,2007,3.769230769230769,0,0,0,0,0,0,0,0,0,0,0,1,0,0
439,2007,3.230769230769231,0,0,0,0,1,0,0,0,0,0,0,0,0,0
439,2007,3.230769230769231,0,0,0,0,0,0,0,1,0,0,0,0,0,0
440,2007,3.0416666666666665,1,0,0,0,0,0,0,0,0,0,0,0,0,0
440,2007,3.0416666666666665,0,1,0,0,0,0,0,0,0,0,0,0,0,0
441,2007,3.090909090909091,0,0,0,0,1,0,0,0,0,0,0,0,0,0
441,2007,3.090909090909091,0,0,0,0,0,0,0,1,0,0,0,0,0,0
441,2007,3.090909090909091,0,0,0,0,0,0,0,0,0,0,0,1,0,0
442,2008,3.3,0,0,0,0,1,0,0,0,0,0,0,0,0,0
442,2008,3.3,0,0,0,0,0,0,0,0,0,0,0,1,0,0
443,2008,3.351851851851852,1,0,0,0,0,0,0,0,0,0,0,0,0,0
443,2008,3.351851851851852,0,0,0,0,0,0,0,0,0,0,1,0,0,0
443,2008,3.351851851851852,0,0,0,0,0,0,0,0,0,0,0,0,1,0
443,2008,3.351851851851852,0,0,0,0,0,0,0,0,0,0,0,0,0,1
444,2006,4.1,0,0,1,0,0,0,0,0,0,0,0,0,0,0
444,2006,4.1,0,0,0,0,1,0,0,0,0,0,0,0,0,0
444,2006,4.1,0,0,0,0,0,0,0,1,0,0,0,0,0,0
444,2006,4.1,0,0,0,0,0,0,0,0,0,0,0,1,0,0
444,2006,4.1,0,0,0,0,0,0,0,0,0,0,0,0,1,0
445,2008,3.8055555555555554,1,0,0,0,0,0,0,0,0,0,0,0,0,0
445,2008,3.8055555555555554,0,1,0,0,0,0,0,0,0,0,0,0,0,0
445,2008,3.8055555555555554,0,0,0,0,0,0,0,0,1,0,0,0,0,0
445,2008,3.8055555555555554,0,0,0,0,0,0,0,0,0,0,0,0,1,0
446,2008,4.158536585365853,0,0,0,0,1,0,0,0,0,0,0,0,0,0
446,2008,4.158536585365853,0,0,0,0,0,1,0,0,0,0,0,0,0,0
446,2008,4.158536585365853,0,0,0,0,0,0,0,1,0,0,0,0,0,0
446,2008,4.158536585365853,0,0,0,0,0,0,0,0,0,0,0,0,0,1
447,2008,3.0,1,0,0,0,0,0,0,0,0,0,0,0,0,0
447,2008,3.0,0,1,0,0,0,0,0,0,0,0,0,0,0,0
447,2008,3.0,0,0,0,0,0,0,0,1,0,0,0,0,0,0
447,2008,3.0,0,0,0,0,0,0,0,0,0,0,0,0,1,0
447,2008,3.0,0,0,0,0,0,0,0,0,0,0,0,0,0,1
448,2008,3.4285714285714284,0,0,0,0,1,0,0,0,0,0,0,0,0,0
448,2008,3.4285714285714284,0,0,0,0,0,0,0,1,0,0,0,0,0,0
448,2008,3.4285714285714284,0,0,0,0,0,0,0,0,0,0,0,1,0,0
449,2008,2.9,0,0,0,0,1,0,0,0,0,0,0,0,0,0
450,2008,2.7058823529411766,0,1,0,0,0,0,0,0,0,0,0,0,0,0
450,2008,2.7058823529411766,0,0,0,0,0,0,0,0,0,0,0,1,0,0
450,2008,2.7058823529411766,0,0,0,0,0,0,0,0,0,0,0,0,0,1
451,2008,3.615384615384616,1,0,0,0,0,0,0,0,0,0,0,0,0,0
451,2008,3.615384615384616,0,0,0,0,0,1,0,0,0,0,0,0,0,0
451,2008,3.615384615384616,0,0,0,0,0,0,0,0,0,0,0,0,0,1
452,2008,3.75,0,0,0,0,0,1,0,0,0,0,0,0,0,0
452,2008,3.75,0,0,0,0,0,0,0,1,0,0,0,0,0,0
452,2008,3.75,0,0,0,0,0,0,0,0,0,0,0,1,0,0
452,2008,3.75,0,0,0,0,0,0,0,0,0,0,0,0,0,1
453,2008,3.769230769230769,0,0,0,0,1,0,0,0,0,0,0,0,0,0
453,2008,3.769230769230769,0,0,0,0,0,0,0,0,0,0,0,1,0,0
454,2008,3.3076923076923075,0,1,0,0,0,0,0,0,0,0,0,0,0,0
454,2008,3.3076923076923075,0,0,0,0,1,0,0,0,0,0,0,0,0,0
455,2008,3.136363636363636,0,0,0,0,1,0,0,0,0,0,0,0,0,0
456,2008,3.824468085106383,1,0,0,0,0,0,0,0,0,0,0,0,0,0
456,2008,3.824468085106383,0,1,0,0,0,0,0,0,0,0,0,0,0,0
456,2008,3.824468085106383,0,0,0,0,0,0,0,0,0,0,0,0,1,0
457,2008,3.619047619047619,1,0,0,0,0,0,0,0,0,0,0,0,0,0
457,2008,3.619047619047619,0,0,0,0,0,1,0,0,0,0,0,0,0,0
457,2008,3.619047619047619,0,0,0,0,0,0,0,1,0,0,0,0,0,0
457,2008,3.619047619047619,0,0,0,0,0,0,0,0,0,0,0,0,0,1
458,2006,3.954545454545455,0,1,0,0,0,0,0,0,0,0,0,0,0,0
458,2006,3.954545454545455,0,0,0,0,0,0,0,1,0,0,0,0,0,0
458,2006,3.954545454545455,0,0,0,0,0,0,0,0,1,0,0,0,0,0
459,2008,3.5416666666666665,0,1,0,0,0,0,0,0,0,0,0,0,0,0
459,2008,3.5416666666666665,0,0,0,1,0,0,0,0,0,0,0,0,0,0
459,2008,3.5416666666666665,0,0,0,0,0,0,0,0,1,0,0,0,0,0
460,2008,2.833333333333333,1,0,0,0,0,0,0,0,0,0,0,0,0,0
460,2008,2.833333333333333,0,1,0,0,0,0,0,0,0,0,0,0,0,0
460,2008,2.833333333333333,0,0,0,0,1,0,0,0,0,0,0,0,0,0
460,2008,2.833333333333333,0,0,0,0,0,0,0,0,0,0,0,0,1,0
461,2008,2.409090909090909,0,0,0,0,1,0,0,0,0,0,0,0,0,0
461,2008,2.409090909090909,0,0,0,0,0,0,0,0,0,0,0,1,0,0
462,2008,2.8666666666666667,0,0,0,0,1,0,0,0,0,0,0,0,0,0
463,2008,3.1714285714285717,1,0,0,0,0,0,0,0,0,0,0,0,0,0
463,2008,3.1714285714285717,0,0,0,0,0,0,0,0,0,0,0,0,1,0
464,2008,4.057692307692308,0,1,0,0,0,0,0,0,0,0,0,0,0,0
464,2008,4.057692307692308,0,0,1,0,0,0,0,0,0,0,0,0,0,0
464,2008,4.057692307692308,0,0,0,1,0,0,0,0,0,0,0,0,0,0
464,2008,4.057692307692308,0,0,0,0,0,0,0,0,0,0,0,1,0,0
464,2008,4.057692307692308,0,0,0,0,0,0,0,0,0,0,0,0,1,0
465,2008,3.159090909090909,1,0,0,0,0,0,0,0,0,0,0,0,0,0
465,2008,3.159090909090909,0,0,0,0,0,0,0,0,0,0,0,0,0,1
466,2008,3.034482758620689,1,0,0,0,0,0,0,0,0,0,0,0,0,0
466,2008,3.034482758620689,0,1,0,0,0,0,0,0,0,0,0,0,0,0
466,2008,3.034482758620689,0,0,0,0,1,0,0,0,0,0,0,0,0,0
466,2008,3.034482758620689,0,0,0,0,0,1,0,0,0,0,0,0,0,0
466,2008,3.034482758620689,0,0,0,0,0,0,0,0,1,0,0,0,0,0
467,2008,3.46875,1,0,0,0,0,0,0,0,0,0,0,0,0,0
467,2008,3.46875,0,0,0,0,1,0,0,0,0,0,0,0,0,0
468,2008,3.5535714285714284,0,0,0,0,1,0,0,0,0,0,0,0,0,0
469,2008,3.09375,0,0,0,0,1,0,0,0,0,0,0,0,0,0
469,2008,3.09375,0,0,0,0,0,0,0,1,0,0,0,0,0,0
469,2008,3.09375,0,0,0,0,0,0,0,0,0,0,0,1,0,0
470,2008,3.6774193548387095,1,0,0,0,0,0,0,0,0,0,0,0,0,0
470,2008,3.6774193548387095,0,0,0,0,1,0,0,0,0,0,0,0,0,0
470,2008,3.6774193548387095,0,0,0,0,0,1,0,0,0,0,0,0,0,0
471,2008,3.911764705882353,0,0,0,0,0,0,0,1,0,0,0,0,0,0
471,2008,3.911764705882353,0,0,0,0,0,0,0,0,1,0,0,0,0,0
471,2008,3.911764705882353,0,0,0,0,0,0,0,0,0,1,0,0,0,0
471,2008,3.911764705882353,0,0,0,0,0,0,0,0,0,0,0,1,0,0
472,2008,3.4871794871794872,0,0,0,0,1,0,0,0,0,0,0,0,0,0
472,2008,3.4871794871794872,0,0,0,0,0,1,0,0,0,0,0,0,0,0
472,2008,3.4871794871794872,0,0,0,0,0,0,0,1,0,0,0,0,0,0
473,2008,3.35,0,0,0,0,1,0,0,0,0,0,0,0,0,0
473,2008,3.35,0,0,0,0,0,0,0,1,0,0,0,0,0,0
473,2008,3.35,0,0,0,0,0,0,0,0,0,0,0,1,0,0
474,2008,3.772727272727273,1,0,0,0,0,0,0,0,0,0,0,0,0,0
474,2008,3.772727272727273,0,0,0,0,0,0,0,1,0,0,0,0,0,0
474,2008,3.772727272727273,0,0,0,0,0,0,0,0,0,0,0,0,0,1
475,2008,3.769230769230769,1,0,0,0,0,0,0,0,0,0,0,0,0,0
475,2008,3.769230769230769,0,0,0,0,0,1,0,0,0,0,0,0,0,0
476,2008,3.8098591549295775,0,0,0,0,0,1,0,0,0,0,0,0,0,0
476,2008,3.8098591549295775,0,0,0,0,0,0,0,1,0,0,0,0,0,0
476,2008,3.8098591549295775,0,0,0,0,0,0,0,0,0,0,0,1,0,0
477,2008,3.4571428571428573,1,0,0,0,0,0,0,0,0,0,0,0,0,0
477,2008,3.4571428571428573,0,1,0,0,0,0,0,0,0,0,0,0,0,0
477,2008,3.4571428571428573,0,0,0,0,0,0,0,0,0,0,0,0,0,1
478,2008,3.625,0,0,0,0,1,0,0,0,0,0,0,0,0,0
479,2008,3.388888888888889,1,0,0,0,0,0,0,0,0,0,0,0,0,0
479,2008,3.388888888888889,0,1,0,0,0,0,0,0,0,0,0,0,0,0
479,2008,3.388888888888889,0,0,1,0,0,0,0,0,0,0,0,0,0,0
479,2008,3.388888888888889,0,0,0,1,0,0,0,0,0,0,0,0,0,0
479,2008,3.388888888888889,0,0,0,0,1,0,0,0,0,0,0,0,0,0
480,2008,3.5454545454545454,0,0,0,0,0,0,0,1,0,0,0,0,0,0
481,2008,2.409090909090909,0,0,0,0,0,0,0,1,0,0,0,0,0,0
481,2008,2.409090909090909,0,0,0,0,0,0,0,0,1,0,0,0,0,0
481,2008,2.409090909090909,0,0,0,0,0,0,0,0,0,0,0,1,0,0
481,2008,2.409090909090909,0,0,0,0,0,0,0,0,0,0,0,0,0,1
482,2008,3.945652173913044,0,0,0,0,0,1,0,0,0,0,0,0,0,0
482,2008,3.945652173913044,0,0,0,0,0,0,0,1,0,0,0,0,0,0
483,2008,4.136363636363637,0,0,0,0,0,0,0,1,0,0,0,0,0,0
484,2008,3.735294117647059,0,0,0,0,0,0,0,1,0,0,0,0,0,0
485,2008,3.5945945945945947,0,0,0,0,0,0,0,1,0,0,0,0,0,0
485,2008,3.5945945945945947,0,0,0,0,0,0,0,0,1,0,0,0,0,0
485,2008,3.5945945945945947,0,0,0,0,0,0,0,0,0,0,1,0,0,0
485,2008,3.5945945945945947,0,0,0,0,0,0,0,0,0,0,0,1,0,0
486,2008,3.6176470588235294,0,0,0,0,1,0,0,0,0,0,0,0,0,0
487,2008,3.363636363636364,0,1,0,0,0,0,0,0,0,0,0,0,0,0
487,2008,3.363636363636364,0,0,0,1,0,0,0,0,0,0,0,0,0,0
487,2008,3.363636363636364,0,0,0,0,1,0,0,0,0,0,0,0,0,0
488,2008,3.142857142857143,0,0,0,0,1,0,0,0,0,0,0,0,0,0
488,2008,3.142857142857143,0,0,0,0,0,0,0,1,0,0,0,0,0,0
489,2008,4.0,0,1,0,0,0,0,0,0,0,0,0,0,0,0
489,2008,4.0,0,0,1,0,0,0,0,0,0,0,0,0,0,0
489,2008,4.0,0,0,0,1,0,0,0,0,0,0,0,0,0,0
489,2008,4.0,0,0,0,0,0,0,0,0,1,0,0,0,0,0
490,2009,3.7,0,0,1,0,0,0,0,0,0,0,0,0,0,0
490,2009,3.7,0,0,0,0,0,0,0,0,1,0,0,0,0,0
490,2009,3.7,0,0,0,0,0,0,0,0,0,0,0,0,0,1
491,2009,2.8181818181818183,0,0,0,0,1,0,0,0,0,0,0,0,0,0
491,2009,2.8181818181818183,0,0,0,0,0,0,0,1,0,0,0,0,0,0
491,2009,2.8181818181818183,0,0,0,0,0,0,0,0,0,0,0,1,0,0
492,2009,3.5294117647058822,0,0,0,0,1,0,0,0,0,0,0,0,0,0
493,2009,3.94,0,0,0,0,0,1,0,0,0,0,0,0,0,0
493,2009,3.94,0,0,0,0,0,0,0,1,0,0,0,0,0,0
493,2009,3.94,0,0,0,0,0,0,0,0,0,0,1,0,0,0
493,2009,3.94,0,0,0,0,0,0,0,0,0,0,0,0,0,1
494,2009,3.333333333333333,0,0,0,0,1,0,0,0,0,0,0,0,0,0
494,2009,3.333333333333333,0,0,0,0,0,0,0,1,0,0,0,0,0,0
495,2009,3.25,1,0,0,0,0,0,0,0,0,0,0,0,0,0
495,2009,3.25,0,0,0,0,0,1,0,0,0,0,0,0,0,0
495,2009,3.25,0,0,0,0,0,0,0,1,0,0,0,0,0,0
495,2009,3.25,0,0,0,0,0,0,0,0,0,0,0,0,0,1
496,2009,3.55,0,0,0,0,1,0,0,0,0,0,0,0,0,0
496,2009,3.55,0,0,0,0,0,0,0,1,0,0,0,0,0,0
497,2009,3.96875,0,0,0,0,0,0,0,1,0,0,0,0,0,0
497,2009,3.96875,0,0,0,0,0,0,0,0,0,0,1,0,0,0
497,2009,3.96875,0,0,0,0,0,0,0,0,0,0,0,0,1,0
497,2009,3.96875,0,0,0,0,0,0,0,0,0,0,0,0,0,1
498,2009,2.8653846153846154,1,0,0,0,0,0,0,0,0,0,0,0,0,0
498,2009,2.8653846153846154,0,0,0,0,0,0,0,0,0,0,0,0,1,0
498,2009,2.8653846153846154,0,0,0,0,0,0,0,0,0,0,0,0,0,1
499,2009,3.264705882352941,0,0,0,0,0,1,0,0,0,0,0,0,0,0
499,2009,3.264705882352941,0,0,0,0,0,0,0,1,0,0,0,0,0,0
499,2009,3.264705882352941,0,0,0,0,0,0,0,0,0,0,1,0,0,0
499,2009,3.264705882352941,0,0,0,0,0,0,0,0,0,0,0,0,0,1
500,2009,3.25,1,0,0,0,0,0,0,0,0,0,0,0,0,0
500,2009,3.25,0,1,0,0,0,0,0,0,0,0,0,0,0,0
500,2009,3.25,0,0,0,0,0,0,0,0,0,0,0,0,1,0
500,2009,3.25,0,0,0,0,0,0,0,0,0,0,0,0,0,1
501,2009,4.004761904761905,0,1,0,0,0,0,0,0,0,0,0,0,0,0
501,2009,4.004761904761905,0,0,1,0,0,0,0,0,0,0,0,0,0,0
501,2009,4.004761904761905,0,0,0,1,0,0,0,0,0,0,0,0,0,0
501,2009,4.004761904761905,0,0,0,0,0,0,0,1,0,0,0,0,0,0
502,2009,3.631578947368421,0,0,0,0,1,0,0,0,0,0,0,0,0,0
502,2009,3.631578947368421,0,0,0,0,0,1,0,0,0,0,0,0,0,0
503,2009,3.5,0,0,0,0,1,0,0,0,0,0,0,0,0,0
503,2009,3.5,0,0,0,0,0,0,0,0,0,0,0,1,0,0
504,2009,2.607142857142857,1,0,0,0,0,0,0,0,0,0,0,0,0,0
504,2009,2.607142857142857,0,1,0,0,0,0,0,0,0,0,0,0,0,0
504,2009,2.607142857142857,0,0,1,0,0,0,0,0,0,0,0,0,0,0
504,2009,2.607142857142857,0,0,0,1,0,0,0,0,0,0,0,0,0,0
504,2009,2.607142857142857,0,0,0,0,1,0,0,0,0,0,0,0,0,0
504,2009,2.607142857142857,0,0,0,0,0,0,0,0,0,0,0,1,0,0
505,2009,3.6666666666666665,0,0,0,0,1,0,0,0,0,0,0,0,0,0
505,2009,3.6666666666666665,0,0,0,0,0,0,0,1,0,0,0,0,0,0
505,2009,3.6666666666666665,0,0,0,0,0,0,0,0,0,0,0,1,0,0
506,2009,3.65,0,0,0,0,1,0,0,0,0,0,0,0,0,0
507,2009,3.8125,0,0,0,0,0,0,0,1,0,0,0,0,0,0
507,2009,3.8125,0,0,0,0,0,0,0,0,1,0,0,0,0,0
508,2009,3.6666666666666665,0,0,0,0,1,0,0,0,0,0,0,0,0,0
508,2009,3.6666666666666665,0,0,0,0,0,0,0,1,0,0,0,0,0,0
508,2009,3.6666666666666665,0,0,0,0,0,0,0,0,0,0,0,1,0,0
509,2009,3.776923076923077,0,0,0,0,0,0,0,0,0,0,1,0,0,0
509,2009,3.776923076923077,0,0,0,0,0,0,0,0,0,0,0,0,1,0
509,2009,3.776923076923077,0,0,0,0,0,0,0,0,0,0,0,0,0,1
510,2009,2.958333333333333,0,0,0,0,1,0,0,0,0,0,0,0,0,0
510,2009,2.958333333333333,0,0,0,0,0,0,0,1,0,0,0,0,0,0
510,2009,2.958333333333333,0,0,0,0,0,0,0,0,0,0,0,1,0,0
511,2009,3.642857142857143,0,1,0,0,0,0,0,0,0,0,0,0,0,0
511,2009,3.642857142857143,0,0,1,0,0,0,0,0,0,0,0,0,0,0
511,2009,3.642857142857143,0,0,0,0,0,0,0,0,0,0,0,0,1,0
512,2009,3.227272727272727,0,0,0,0,1,0,0,0,0,0,0,0,0,0
512,2009,3.227272727272727,0,0,0,0,0,0,0,1,0,0,0,0,0,0
513,2009,3.0357142857142856,1,0,0,0,0,0,0,0,0,0,0,0,0,0
513,2009,3.0357142857142856,0,0,0,0,0,0,0,0,0,0,0,0,1,0
513,2009,3.0357142857142856,0,0,0,0,0,0,0,0,0,0,0,0,0,1
514,2009,3.8773584905660377,1,0,0,0,0,0,0,0,0,0,0,0,0,0
514,2009,3.8773584905660377,0,0,0,0,1,0,0,0,0,0,0,0,0,0
514,2009,3.8773584905660377,0,0,0,0,0,0,0,0,0,1,0,0,0,0
515,2009,4.2,0,0,1,0,0,0,0,0,0,0,0,0,0,0
515,2009,4.2,0,0,0,0,1,0,0,0,0,0,0,0,0,0
515,2009,4.2,0,0,0,0,0,0,0,1,0,0,0,0,0,0
516,2009,3.71875,0,0,0,0,0,0,0,1,0,0,0,0,0,0
516,2009,3.71875,0,0,0,0,0,0,0,0,0,0,0,1,0,0
517,2009,4.083333333333333,0,1,0,0,0,0,0,0,0,0,0,0,0,0
517,2009,4.083333333333333,0,0,1,0,0,0,0,0,0,0,0,0,0,0
517,2009,4.083333333333333,0,0,0,1,0,0,0,0,0,0,0,0,0,0
517,2009,4.083333333333333,0,0,0,0,1,0,0,0,0,0,0,0,0,0
517,2009,4.083333333333333,0,0,0,0,0,1,0,0,0,0,0,0,0,0
518,2009,2.619047619047619,1,0,0,0,0,0,0,0,0,0,0,0,0,0
518,2009,2.619047619047619,0,0,0,0,0,0,0,1,0,0,0,0,0,0
518,2009,2.619047619047619,0,0,0,0,0,0,0,0,0,0,0,0,1,0
518,2009,2.619047619047619,0,0,0,0,0,0,0,0,0,0,0,0,0,1
519,2009,3.6774193548387095,0,0,0,0,0,0,0,1,0,0,0,0,0,0
520,2009,3.853448275862069,1,0,0,0,0,0,0,0,0,0,0,0,0,0
520,2009,3.853448275862069,0,0,0,0,0,1,0,0,0,0,0,0,0,0
520,2009,3.853448275862069,0,0,0,0,0,0,0,0,0,0,1,0,0,0
520,2009,3.853448275862069,0,0,0,0,0,0,0,0,0,0,0,0,0,1
521,2010,3.28125,1,0,0,0,0,0,0,0,0,0,0,0,0,0
521,2010,3.28125,0,1,0,0,0,0,0,0,0,0,0,0,0,0
521,2010,3.28125,0,0,0,0,0,0,0,1,0,0,0,0,0,0
522,2010,4.022388059701493,0,0,0,0,0,0,0,1,0,0,0,0,0,0
522,2010,4.022388059701493,0,0,0,0,0,0,0,0,0,0,1,0,0,0
522,2010,4.022388059701493,0,0,0,0,0,0,0,0,0,0,0,0,0,1
523,2010,3.3,0,0,0,0,1,0,0,0,0,0,0,0,0,0
523,2010,3.3,0,0,0,0,0,0,0,0,0,0,0,0,1,0
524,2010,2.3076923076923075,1,0,0,0,0,0,0,0,0,0,0,0,0,0
524,2010,2.3076923076923075,0,1,0,0,0,0,0,0,0,0,0,0,0,0
524,2010,2.3076923076923075,0,0,0,0,0,0,0,1,0,0,0,0,0,0
524,2010,2.3076923076923075,0,0,0,0,0,0,0,0,1,0,0,0,0,0
525,2010,3.651162790697674,1,0,0,0,0,0,0,0,0,0,0,0,0,0
525,2010,3.651162790697674,0,0,0,0,1,0,0,0,0,0,0,0,0,0
526,2010,3.3181818181818183,1,0,0,0,0,0,0,0,0,0,0,0,0,0
526,2010,3.3181818181818183,0,0,0,0,1,0,0,0,0,0,0,0,0,0
526,2010,3.3181818181818183,0,0,0,0,0,0,0,0,0,0,0,1,0,0
527,2010,4.038461538461538,0,0,0,0,1,0,0,0,0,0,0,0,0,0
527,2010,4.038461538461538,0,0,0,0,0,0,1,0,0,0,0,0,0,0
528,2010,3.55,0,0,0,0,1,0,0,0,0,0,0,0,0,0
529,2010,3.147058823529412,1,0,0,0,0,0,0,0,0,0,0,0,0,0
529,2010,3.147058823529412,0,0,0,0,1,0,0,0,0,0,0,0,0,0
529,2010,3.147058823529412,0,0,0,0,0,0,0,0,0,0,0,0,0,1
530,2010,3.3,1,0,0,0,0,0,0,0,0,0,0,0,0,0
530,2010,3.3,0,0,0,0,0,0,0,0,0,0,0,0,1,0
530,2010,3.3,0,0,0,0,0,0,0,0,0,0,0,0,0,1
531,2010,3.684210526315789,0,0,1,0,0,0,0,0,0,0,0,0,0,0
531,2010,3.684210526315789,0,0,0,1,0,0,0,0,0,0,0,0,0,0
531,2010,3.684210526315789,0,0,0,0,1,0,0,0,0,0,0,0,0,0
531,2010,3.684210526315789,0,0,0,0,0,1,0,0,0,0,0,0,0,0
532,2010,3.45,0,0,0,0,1,0,0,0,0,0,0,0,0,0
533,2010,3.45,1,0,0,0,0,0,0,0,0,0,0,0,0,0
533,2010,3.45,0,1,0,0,0,0,0,0,0,0,0,0,0,0
533,2010,3.45,0,0,0,1,0,0,0,0,0,0,0,0,0,0
533,2010,3.45,0,0,0,0,1,0,0,0,0,0,0,0,0,0
533,2010,3.45,0,0,0,0,0,0,0,0,1,0,0,0,0,0
534,2010,2.966666666666667,1,0,0,0,0,0,0,0,0,0,0,0,0,0
534,2010,2.966666666666667,0,0,0,0,0,0,0,0,0,0,0,0,0,1
535,2010,3.261904761904762,1,0,0,0,0,0,0,0,0,0,0,0,0,0
535,2010,3.261904761904762,0,0,0,0,1,0,0,0,0,0,0,0,0,0
536,2010,3.0588235294117645,1,0,0,0,0,0,0,0,0,0,0,0,0,0
536,2010,3.0588235294117645,0,1,0,0,0,0,0,0,0,0,0,0,0,0
536,2010,3.0588235294117645,0,0,0,0,0,0,0,0,0,0,0,0,0,1
537,2010,3.25,1,0,0,0,0,0,0,0,0,0,0,0,0,0
537,2010,3.25,0,1,0,0,0,0,0,0,0,0,0,0,0,0
537,2010,3.25,0,0,0,0,1,0,0,0,0,0,0,0,0,0
537,2010,3.25,0,0,0,0,0,1,0,0,0,0,0,0,0,0
537,2010,3.25,0,0,0,0,0,0,0,0,0,0,0,0,0,1
538,2010,3.8859649122807016,0,0,0,0,0,0,0,1,0,0,0,0,0,0
539,2010,3.954545454545455,0,0,0,0,0,1,0,0,0,0,0,0,0,0
539,2010,3.954545454545455,0,0,0,0,0,0,0,1,0,0,0,0,0,0
539,2010,3.954545454545455,0,0,0,0,0,0,0,0,0,0,0,0,0,1
540,2010,3.796296296296296,0,0,0,0,1,0,0,0,0,0,0,0,0,0
540,2010,3.796296296296296,0,0,0,0,0,0,0,0,0,0,0,1,0,0
541,2010,4.291666666666667,0,0,0,0,0,0,1,0,0,0,0,0,0,0
542,2010,3.5,1,0,0,0,0,0,0,0,0,0,0,0,0,0
542,2010,3.5,0,0,0,0,1,0,0,0,0,0,0,0,0,0
543,2010,3.1,0,0,0,0,1,0,0,0,0,0,0,0,0,0
544,2010,3.8333333333333335,0,1,0,0,0,0,0,0,0,0,0,0,0,0
544,2010,3.8333333333333335,0,0,0,0,0,0,0,1,0,0,0,0,0,0
544,2010,3.8333333333333335,0,0,0,0,0,0,0,0,0,0,0,0,0,1
545,2010,3.630952380952381,0,0,0,0,0,0,0,1,0,0,0,0,0,0
545,2010,3.630952380952381,0,0,0,0,0,0,0,0,0,0,0,0,0,1
546,2010,4.043103448275862,0,0,0,0,0,0,0,1,0,0,0,0,0,0
547,2010,3.760869565217391,0,0,0,0,0,0,0,1,0,0,0,0,0,0
548,2010,3.9166666666666665,0,0,0,0,1,0,0,0,0,0,0,0,0,0
548,2010,3.9166666666666665,0,0,0,0,0,0,0,0,0,1,0,0,0,0
549,2011,3.95,0,0,0,0,0,0,0,0,0,0,0,0,1,0
549,2011,3.95,0,0,0,0,0,0,0,0,0,0,0,0,0,1
550,2011,2.9285714285714284,0,0,0,0,1,0,0,0,0,0,0,0,0,0
550,2011,2.9285714285714284,0,0,0,0,0,0,0,0,0,0,0,1,0,0
551,2011,3.6,0,0,0,0,0,1,0,0,0,0,0,0,0,0
551,2011,3.6,0,0,0,0,0,0,0,1,0,0,0,0,0,0
551,2011,3.6,0,0,0,0,0,0,0,0,0,0,0,0,0,1
552,2011,3.2,0,1,0,0,0,0,0,0,0,0,0,0,0,0
552,2011,3.2,0,0,0,0,1,0,0,0,0,0,0,0,0,0
552,2011,3.2,0,0,0,0,0,0,0,0,0,0,0,0,1,0
553,2011,3.1666666666666665,0,0,0,0,0,0,0,0,0,0,0,1,0,0
553,2011,3.1666666666666665,0,0,0,0,0,0,0,0,0,0,0,0,1,0
553,2011,3.1666666666666665,0,0,0,0,0,0,0,0,0,0,0,0,0,1
554,2011,3.602941176470588,1,0,0,0,0,0,0,0,0,0,0,0,0,0
554,2011,3.602941176470588,0,0,0,0,0,0,0,1,0,0,0,0,0,0
554,2011,3.602941176470588,0,0,0,0,0,0,0,0,0,0,1,0,0,0
554,2011,3.602941176470588,0,0,0,0,0,0,0,0,0,0,0,0,1,0
554,2011,3.602941176470588,0,0,0,0,0,0,0,0,0,0,0,0,0,1
555,2011,3.3181818181818183,1,0,0,0,0,0,0,0,0,0,0,0,0,0
555,2011,3.3181818181818183,0,1,0,0,0,0,0,0,0,0,0,0,0,0
555,2011,3.3181818181818183,0,0,0,0,0,0,0,0,0,0,1,0,0,0
555,2011,3.3181818181818183,0,0,0,0,0,0,0,0,0,0,0,0,0,1
556,2011,3.761904761904762,0,0,0,0,1,0,0,0,0,0,0,0,0,0
557,2011,3.56,0,0,0,0,1,0,0,0,0,0,0,0,0,0
557,2011,3.56,0,0,0,0,0,0,0,0,1,0,0,0,0,0
557,2011,3.56,0,0,0,0,0,0,0,0,0,0,0,1,0,0
558,2011,3.2666666666666666,0,0,0,0,1,0,0,0,0,0,0,0,0,0
559,2011,2.35,1,0,0,0,0,0,0,0,0,0,0,0,0,0
559,2011,2.35,0,1,0,0,0,0,0,0,0,0,0,0,0,0
559,2011,2.35,0,0,0,0,0,0,0,0,0,0,0,0,1,0
560,2011,3.4375,0,0,0,0,1,0,0,0,0,0,0,0,0,0
560,2011,3.4375,0,0,0,0,0,1,0,0,0,0,0,0,0,0
561,2011,3.983870967741936,0,0,0,0,1,0,0,0,0,0,0,0,0,0
561,2011,3.983870967741936,0,0,0,0,0,0,0,1,0,0,0,0,0,0
561,2011,3.983870967741936,0,0,0,0,0,0,0,0,0,0,0,1,0,0
562,2011,3.05,0,0,0,0,1,0,0,0,0,0,0,0,0,0
562,2011,3.05,0,0,0,0,0,0,0,0,0,0,0,1,0,0
563,2011,3.462962962962963,1,0,0,0,0,0,0,0,0,0,0,0,0,0
563,2011,3.462962962962963,0,0,0,0,0,0,0,1,0,0,0,0,0,0
563,2011,3.462962962962963,0,0,0,0,0,0,0,0,0,0,0,0,1,0
563,2011,3.462962962962963,0,0,0,0,0,0,0,0,0,0,0,0,0,1
564,2011,2.85,0,0,0,0,1,0,0,0,0,0,0,0,0,0
565,2011,3.8333333333333335,0,0,0,0,0,0,0,1,0,0,0,0,0,0
566,2011,3.8846153846153846,0,0,0,0,0,0,0,1,0,0,0,0,0,0
567,2011,3.727272727272727,0,0,0,0,0,0,0,1,0,0,0,0,0,0
568,2011,3.631578947368421,0,0,0,0,1,0,0,0,0,0,0,0,0,0
568,2011,3.631578947368421,0,0,0,0,0,0,0,1,0,0,0,0,0,0
569,2011,4.045454545454546,0,0,0,0,1,0,0,0,0,0,0,0,0,0
569,2011,4.045454545454546,0,0,0,0,0,0,0,1,0,0,0,0,0,0
569,2011,4.045454545454546,0,0,0,0,0,0,0,0,0,0,0,1,0,0
570,2011,3.392857142857143,0,0,0,0,0,1,0,0,0,0,0,0,0,0
570,2011,3.392857142857143,0,0,0,0,0,0,0,0,0,0,0,0,1,0
570,2011,3.392857142857143,0,0,0,0,0,0,0,0,0,0,0,0,0,1
571,2011,3.75,0,0,0,1,0,0,0,0,0,0,0,0,0,0
571,2011,3.75,0,0,0,0,0,0,0,1,0,0,0,0,0,0
571,2011,3.75,0,0,0,0,0,0,0,0,0,0,1,0,0,0
572,2011,4.0,0,0,0,0,1,0,0,0,0,0,0,0,0,0
572,2011,4.0,0,0,0,0,0,0,0,1,0,0,0,0,0,0
573,2012,3.5,1,0,0,0,0,0,0,0,0,0,0,0,0,0
573,2012,3.5,0,1,0,0,0,0,0,0,0,0,0,0,0,0
574,2012,3.435185185185185,1,0,0,0,0,0,0,0,0,0,0,0,0,0
574,2012,3.435185185185185,0,1,0,0,0,0,0,0,0,0,0,0,0,0
574,2012,3.435185185185185,0,0,0,0,0,0,0,1,0,0,0,0,0,0
574,2012,3.435185185185185,0,0,0,0,0,0,0,0,0,0,0,0,1,0
574,2012,3.435185185185185,0,0,0,0,0,0,0,0,0,0,0,0,0,1
575,2011,3.763157894736842,1,0,0,0,0,0,0,0,0,0,0,0,0,0
575,2011,3.763157894736842,0,1,0,0,0,0,0,0,0,0,0,0,0,0
575,2011,3.763157894736842,0,0,0,0,1,0,0,0,0,0,0,0,0,0
575,2011,3.763157894736842,0,0,0,0,0,1,0,0,0,0,0,0,0,0
575,2011,3.763157894736842,0,0,0,0,0,0,0,0,0,0,1,0,0,0
575,2011,3.763157894736842,0,0,0,0,0,0,0,0,0,0,0,0,0,1
576,2011,3.488095238095238,0,0,0,0,0,0,0,1,0,0,0,0,0,0
576,2011,3.488095238095238,0,0,0,0,0,0,0,0,0,0,0,0,0,1
577,2011,4.108108108108108,0,0,0,0,1,0,0,0,0,0,0,0,0,0
577,2011,4.108108108108108,0,0,0,0,0,0,0,1,0,0,0,0,0,0
578,2011,4.3,0,0,0,0,1,0,0,0,0,0,0,0,0,0
579,2012,2.636363636363636,1,0,0,0,0,0,0,0,0,0,0,0,0,0
579,2012,2.636363636363636,0,0,0,0,1,0,0,0,0,0,0,0,0,0
579,2012,2.636363636363636,0,0,0,0,0,0,0,0,0,0,0,1,0,0
580,2012,3.865384615384616,1,0,0,0,0,0,0,0,0,0,0,0,0,0
580,2012,3.865384615384616,0,0,0,0,1,0,0,0,0,0,0,0,0,0
580,2012,3.865384615384616,0,0,0,0,0,1,0,0,0,0,0,0,0,0
581,2012,4.0227272727272725,0,0,0,0,1,0,0,0,0,0,0,0,0,0
581,2012,4.0227272727272725,0,0,0,0,0,0,0,0,0,1,0,0,0,0
581,2012,4.0227272727272725,0,0,0,0,0,0,0,0,0,0,0,0,1,0
581,2012,4.0227272727272725,0,0,0,0,0,0,0,0,0,0,0,0,0,1
582,2012,3.5588235294117645,0,0,0,0,1,0,0,0,0,0,0,0,0,0
583,2012,3.775862068965517,0,0,0,0,1,0,0,0,0,0,0,0,0,0
583,2012,3.775862068965517,0,0,0,0,0,0,0,1,0,0,0,0,0,0
583,2012,3.775862068965517,0,0,0,0,0,0,0,0,0,0,0,1,0,0
584,2012,3.466666666666667,1,0,0,0,0,0,0,0,0,0,0,0,0,0
584,2012,3.466666666666667,0,1,0,0,0,0,0,0,0,0,0,0,0,0
584,2012,3.466666666666667,0,0,1,0,0,0,0,0,0,0,0,0,0,0
584,2012,3.466666666666667,0,0,0,1,0,0,0,0,0,0,0,0,0,0
585,2012,3.2857142857142856,0,0,0,0,1,0,0,0,0,0,0,0,0,0
585,2012,3.2857142857142856,0,0,0,0,0,0,0,0,1,0,0,0,0,0
586,2012,3.640625,1,0,0,0,0,0,0,0,0,0,0,0,0,0
586,2012,3.640625,0,0,0,0,0,1,0,0,0,0,0,0,0,0
586,2012,3.640625,0,0,0,0,0,0,0,0,0,0,0,0,1,0
587,2012,3.7142857142857135,1,0,0,0,0,0,0,0,0,0,0,0,0,0
587,2012,3.7142857142857135,0,0,0,0,0,0,0,0,0,0,0,0,1,0
588,2012,3.825,0,0,0,0,0,0,0,1,0,0,0,0,0,0
588,2012,3.825,0,0,0,0,0,0,0,0,0,0,0,1,0,0
589,2012,4.3,0,0,0,0,0,0,0,1,0,0,0,0,0,0
590,2012,3.409090909090909,0,0,1,0,0,0,0,0,0,0,0,0,0,0
590,2012,3.409090909090909,0,0,0,1,0,0,0,0,0,0,0,0,0,0
590,2012,3.409090909090909,0,0,0,0,1,0,0,0,0,0,0,0,0,0
591,2012,3.982142857142857,0,0,0,0,0,0,0,1,0,0,0,0,0,0
591,2012,3.982142857142857,0,0,0,0,0,0,0,0,0,0,0,0,0,1
592,2012,3.466666666666667,0,0,0,0,1,0,0,0,0,0,0,0,0,0
592,2012,3.466666666666667,0,0,0,0,0,1,0,0,0,0,0,0,0,0
593,2012,3.75,0,0,1,0,0,0,0,0,0,0,0,0,0,0
593,2012,3.75,0,0,0,0,1,0,0,0,0,0,0,0,0,0
594,2012,3.716666666666667,0,0,0,0,1,0,0,0,0,0,0,0,0,0
594,2012,3.716666666666667,0,0,0,0,0,0,0,1,0,0,0,0,0,0
595,2012,4.107142857142857,1,0,0,0,0,0,0,0,0,0,0,0,0,0
595,2012,4.107142857142857,0,0,0,0,0,0,0,1,0,0,0,0,0,0
595,2012,4.107142857142857,0,0,0,0,0,0,0,0,0,0,0,0,0,1
596,2013,3.5,0,0,0,0,1,0,0,0,0,0,0,0,0,0
596,2013,3.5,0,0,0,0,0,0,0,0,0,1,0,0,0,0
596,2013,3.5,0,0,0,0,0,0,0,0,0,0,0,1,0,0
597,2012,3.4166666666666665,1,0,0,0,0,0,0,0,0,0,0,0,0,0
597,2012,3.4166666666666665,0,0,0,0,0,1,0,0,0,0,0,0,0,0
597,2012,3.4166666666666665,0,0,0,0,0,0,0,0,0,0,0,0,0,1
598,2013,3.2142857142857144,1,0,0,0,0,0,0,0,0,0,0,0,0,0
598,2013,3.2142857142857144,0,0,0,0,1,0,0,0,0,0,0,0,0,0
599,2013,3.375,0,0,0,0,0,0,0,1,0,0,0,0,0,0
600,2013,3.55,0,0,0,0,1,0,0,0,0,0,0,0,0,0
601,2013,3.409090909090909,0,0,0,0,0,1,0,0,0,0,0,0,0,0
601,2013,3.409090909090909,0,0,0,0,0,0,0,0,0,0,1,0,0,0
601,2013,3.409090909090909,0,0,0,0,0,0,0,0,0,0,0,0,0,1
602,2013,3.875,0,1,0,0,0,0,0,0,0,0,0,0,0,0
602,2013,3.875,0,0,1,0,0,0,0,0,0,0,0,0,0,0
602,2013,3.875,0,0,0,0,1,0,0,0,0,0,0,0,0,0
603,2013,3.4166666666666665,1,0,0,0,0,0,0,0,0,0,0,0,0,0
603,2013,3.4166666666666665,0,0,0,0,1,0,0,0,0,0,0,0,0,0
603,2013,3.4166666666666665,0,0,0,0,0,0,0,0,0,0,0,0,1,0
604,2013,3.375,1,0,0,0,0,0,0,0,0,0,0,0,0,0
604,2013,3.375,0,1,0,0,0,0,0,0,0,0,0,0,0,0
604,2013,3.375,0,0,0,0,0,0,0,0,1,0,0,0,0,0
604,2013,3.375,0,0,0,0,0,0,0,0,0,0,0,0,1,0
605,2013,3.738095238095238,0,0,0,0,1,0,0,0,0,0,0,0,0,0
605,2013,3.738095238095238,0,0,0,0,0,1,0,0,0,0,0,0,0,0
606,2013,3.4545454545454546,1,0,0,0,0,0,0,0,0,0,0,0,0,0
606,2013,3.4545454545454546,0,0,0,0,1,0,0,0,0,0,0,0,0,0
606,2013,3.4545454545454546,0,0,0,0,0,1,0,0,0,0,0,0,0,0
607,2013,3.933333333333333,0,0,0,0,0,0,0,1,0,0,0,0,0,0
607,2013,3.933333333333333,0,0,0,0,0,0,0,0,1,0,0,0,0,0
607,2013,3.933333333333333,0,0,0,0,0,0,0,0,0,0,0,1,0,0
608,2013,4.15625,0,0,0,0,0,0,0,1,0,0,0,0,0,0
608,2013,4.15625,0,0,0,0,0,0,0,0,0,0,1,0,0,0
608,2013,4.15625,0,0,0,0,0,0,0,0,0,0,0,0,0,1
609,2013,3.8181818181818175,1,0,0,0,0,0,0,0,0,0,0,0,0,0
609,2013,3.8181818181818175,0,0,0,0,0,0,0,1,0,0,0,0,0,0
610,2013,3.625,0,0,0,0,0,0,0,1,0,0,0,0,0,0
611,2013,3.9705882352941178,0,0,0,0,0,0,0,1,0,0,0,0,0,0
612,2013,3.9166666666666665,0,0,0,0,1,0,0,0,0,0,0,0,0,0
612,2013,3.9166666666666665,0,0,0,0,0,1,0,0,0,0,0,0,0,0
612,2013,3.9166666666666665,0,0,0,0,0,0,0,1,0,0,0,0,0,0
613,2013,3.25,0,0,0,0,0,1,0,0,0,0,0,0,0,0
613,2013,3.25,0,0,0,0,0,0,0,1,0,0,0,0,0,0
614,2013,4.0,0,1,0,0,0,0,0,0,0,0,0,0,0,0
614,2013,4.0,0,0,0,0,1,0,0,0,0,0,0,0,0,0
614,2013,4.0,0,0,0,0,0,0,0,1,0,0,0,0,0,0
615,2013,3.92,0,0,0,0,0,0,0,1,0,0,0,0,0,0
615,2013,3.92,0,0,0,0,0,0,0,0,0,0,0,1,0,0
615,2013,3.92,0,0,0,0,0,0,0,0,0,0,0,0,1,0
616,2013,3.363636363636364,0,0,0,0,1,0,0,0,0,0,0,0,0,0
617,2013,3.4285714285714284,1,0,0,0,0,0,0,0,0,0,0,0,0,0
617,2013,3.4285714285714284,0,0,0,0,0,0,0,1,0,0,0,0,0,0
617,2013,3.4285714285714284,0,0,0,0,0,0,0,0,0,0,0,0,1,0
618,2014,3.870967741935484,1,0,0,0,0,0,0,0,0,0,0,0,0,0
618,2014,3.870967741935484,0,1,0,0,0,0,0,0,0,0,0,0,0,0
618,2014,3.870967741935484,0,0,1,0,0,0,0,0,0,0,0,0,0,0
618,2014,3.870967741935484,0,0,0,1,0,0,0,0,0,0,0,0,0,0
618,2014,3.870967741935484,0,0,0,0,1,0,0,0,0,0,0,0,0,0
618,2014,3.870967741935484,0,0,0,0,0,0,0,0,1,0,0,0,0,0
619,2014,3.7788461538461537,0,0,0,0,1,0,0,0,0,0,0,0,0,0
619,2014,3.7788461538461537,0,0,0,0,0,0,0,1,0,0,0,0,0,0
620,2014,3.2916666666666665,0,0,0,0,1,0,0,0,0,0,0,0,0,0
621,2014,2.821428571428572,1,0,0,0,0,0,0,0,0,0,0,0,0,0
621,2014,2.821428571428572,0,0,0,0,0,0,0,0,0,0,0,0,1,0
622,2014,3.8333333333333335,1,0,0,0,0,0,0,0,0,0,0,0,0,0
622,2014,3.8333333333333335,0,1,0,0,0,0,0,0,0,0,0,0,0,0
622,2014,3.8333333333333335,0,0,0,0,0,0,0,0,0,0,0,0,1,0
623,2015,3.647058823529412,1,0,0,0,0,0,0,0,0,0,0,0,0,0
623,2015,3.647058823529412,0,1,0,0,0,0,0,0,0,0,0,0,0,0
623,2015,3.647058823529412,0,0,0,0,0,0,0,0,0,0,0,0,0,1
624,2014,3.684210526315789,1,0,0,0,0,0,0,0,0,0,0,0,0,0
624,2014,3.684210526315789,0,0,0,0,1,0,0,0,0,0,0,0,0,0
624,2014,3.684210526315789,0,0,0,0,0,1,0,0,0,0,0,0,0,0
625,2014,3.7666666666666666,1,0,0,0,0,0,0,0,0,0,0,0,0,0
625,2014,3.7666666666666666,0,1,0,0,0,0,0,0,0,0,0,0,0,0
625,2014,3.7666666666666666,0,0,1,0,0,0,0,0,0,0,0,0,0,0
626,2014,3.3461538461538463,0,0,0,0,1,0,0,0,0,0,0,0,0,0
626,2014,3.3461538461538463,0,0,0,0,0,0,0,1,0,0,0,0,0,0
627,2014,3.823529411764706,0,0,0,0,0,0,0,1,0,0,0,0,0,0
628,2014,4.039473684210527,0,0,0,0,0,0,0,1,0,0,0,0,0,0
629,2014,3.716216216216216,0,0,0,0,0,0,0,1,0,0,0,0,0,0
629,2014,3.716216216216216,0,0,0,0,0,0,0,0,0,0,0,0,0,1
630,2014,3.433333333333333,0,0,0,0,0,0,0,0,0,0,0,0,1,0
631,2014,4.050847457627119,1,0,0,0,0,0,0,0,0,0,0,0,0,0
631,2014,4.050847457627119,0,1,0,0,0,0,0,0,0,0,0,0,0,0
631,2014,4.050847457627119,0,0,0,0,0,0,0,0,0,0,0,0,1,0
632,2014,2.9375,1,0,0,0,0,0,0,0,0,0,0,0,0,0
632,2014,2.9375,0,0,0,0,0,0,0,0,0,0,1,0,0,0
632,2014,2.9375,0,0,0,0,0,0,0,0,0,0,0,0,1,0
633,2014,3.9,1,0,0,0,0,0,0,0,0,0,0,0,0,0
633,2014,3.9,0,0,0,0,0,0,0,0,0,0,1,0,0,0
633,2014,3.9,0,0,0,0,0,0,0,0,0,0,0,0,1,0
633,2014,3.9,0,0,0,0,0,0,0,0,0,0,0,0,0,1
634,2014,3.844827586206896,1,0,0,0,0,0,0,0,0,0,0,0,0,0
634,2014,3.844827586206896,0,0,0,0,0,0,0,0,0,0,0,0,0,1
635,2014,4.166666666666667,0,0,0,0,0,1,0,0,0,0,0,0,0,0
635,2014,4.166666666666667,0,0,0,0,0,0,0,1,0,0,0,0,0,0
635,2014,4.166666666666667,0,0,0,0,0,0,0,0,0,0,0,0,0,1
636,2014,3.8536585365853657,1,0,0,0,0,0,0,0,0,0,0,0,0,0
636,2014,3.8536585365853657,0,0,1,0,0,0,0,0,0,0,0,0,0,0
636,2014,3.8536585365853657,0,0,0,0,1,0,0,0,0,0,0,0,0,0
637,2015,3.9107142857142856,0,0,0,0,0,0,0,1,0,0,0,0,0,0
637,2015,3.9107142857142856,0,0,0,0,0,0,0,0,0,0,0,0,1,0
637,2015,3.9107142857142856,0,0,0,0,0,0,0,0,0,0,0,0,0,1
638,2014,3.869565217391304,0,1,0,0,0,0,0,0,0,0,0,0,0,0
638,2014,3.869565217391304,0,0,0,0,0,0,0,0,0,0,0,0,1,0
638,2014,3.869565217391304,0,0,0,0,0,0,0,0,0,0,0,0,0,1
639,2014,4.25,0,0,0,0,1,0,0,0,0,0,0,0,0,0
639,2014,4.25,0,0,0,0,0,0,0,1,0,0,0,0,0,0
639,2014,4.25,0,0,0,0,0,0,0,0,0,0,0,0,0,1
640,2014,3.7058823529411766,0,0,0,0,0,0,0,1,0,0,0,0,0,0
640,2014,3.7058823529411766,0,0,0,0,0,0,0,0,0,0,0,1,0,0
641,2015,3.260869565217391,1,0,0,0,0,0,0,0,0,0,0,0,0,0
641,2015,3.260869565217391,0,1,0,0,0,0,0,0,0,0,0,0,0,0
641,2015,3.260869565217391,0,0,0,0,0,0,0,1,0,0,0,0,0,0
641,2015,3.260869565217391,0,0,0,0,0,0,0,0,0,0,0,0,1,0
641,2015,3.260869565217391,0,0,0,0,0,0,0,0,0,0,0,0,0,1
642,2014,3.636363636363636,0,0,0,0,1,0,0,0,0,0,0,0,0,0
642,2014,3.636363636363636,0,0,0,0,0,1,0,0,0,0,0,0,0,0
643,2014,3.4166666666666665,0,1,0,0,0,0,0,0,0,0,0,0,0,0
643,2014,3.4166666666666665,0,0,0,0,0,0,0,0,1,0,0,0,0,0
644,2014,3.458333333333333,1,0,0,0,0,0,0,0,0,0,0,0,0,0
644,2014,3.458333333333333,0,0,0,0,1,0,0,0,0,0,0,0,0,0
645,2015,3.986111111111111,1,0,0,0,0,0,0,0,0,0,0,0,0,0
645,2015,3.986111111111111,0,1,0,0,0,0,0,0,0,0,0,0,0,0
645,2015,3.986111111111111,0,0,0,0,1,0,0,0,0,0,0,0,0,0
645,2015,3.986111111111111,0,0,0,0,0,1,0,0,0,0,0,0,0,0
646,2015,3.25,1,0,0,0,0,0,0,0,0,0,0,0,0,0
646,2015,3.25,0,0,0,0,0,0,0,0,0,0,0,0,0,1
647,2015,3.8191489361702127,1,0,0,0,0,0,0,0,0,0,0,0,0,0
647,2015,3.8191489361702127,0,1,0,0,0,0,0,0,0,0,0,0,0,0
647,2015,3.8191489361702127,0,0,0,0,0,0,0,0,0,0,0,0,1,0
647,2015,3.8191489361702127,0,0,0,0,0,0,0,0,0,0,0,0,0,1
648,2015,3.5185185185185186,1,0,0,0,0,0,0,0,0,0,0,0,0,0
648,2015,3.5185185185185186,0,1,0,0,0,0,0,0,0,0,0,0,0,0
648,2015,3.5185185185185186,0,0,0,0,0,0,0,0,0,0,0,0,1,0
649,2015,3.7222222222222223,1,0,0,0,0,0,0,0,0,0,0,0,0,0
649,2015,3.7222222222222223,0,1,0,0,0,0,0,0,0,0,0,0,0,0
649,2015,3.7222222222222223,0,0,0,0,0,0,0,0,0,0,0,0,1,0
650,2016,3.8333333333333335,1,0,0,0,0,0,0,0,0,0,0,0,0,0
650,2016,3.8333333333333335,0,1,0,0,0,0,0,0,0,0,0,0,0,0
650,2016,3.8333333333333335,0,0,0,0,1,0,0,0,0,0,0,0,0,0
650,2016,3.8333333333333335,0,0,0,0,0,0,0,0,0,0,0,0,1,0
651,2017,3.727272727272727,1,0,0,0,0,0,0,0,0,0,0,0,0,0
651,2017,3.727272727272727,0,1,0,0,0,0,0,0,0,0,0,0,0,0
651,2017,3.727272727272727,0,0,0,0,0,0,0,0,0,0,0,0,1,0
652,2018,4.0,1,0,0,0,0,0,0,0,0,0,0,0,0,0
652,2018,4.0,0,1,0,0,0,0,0,0,0,0,0,0,0,0
652,2018,4.0,0,0,0,0,0,0,0,0,0,0,0,0,1,0
653,2017,4.025,1,0,0,0,0,0,0,0,0,0,0,0,0,0
653,2017,4.025,0,1,0,0,0,0,0,0,0,0,0,0,0,0
653,2017,4.025,0,0,0,0,0,0,0,0,0,0,0,0,1,0
654,2017,3.925925925925926,1,0,0,0,0,0,0,0,0,0,0,0,0,0
654,2017,3.925925925925926,0,1,0,0,0,0,0,0,0,0,0,0,0,0
654,2017,3.925925925925926,0,0,0,0,0,0,0,0,0,0,0,0,1,0
655,2016,3.613636363636364,1,0,0,0,0,0,0,0,0,0,0,0,0,0
655,2016,3.613636363636364,0,0,0,0,0,0,0,0,0,0,0,0,1,0
655,2016,3.613636363636364,0,0,0,0,0,0,0,0,0,0,0,0,0,1
656,2016,3.704545454545455,1,0,0,0,0,0,0,0,0,0,0,0,0,0
656,2016,3.704545454545455,0,1,0,0,0,0,0,0,0,0,0,0,0,0
656,2016,3.704545454545455,0,0,0,0,0,0,0,0,0,0,0,0,1,0
657,2016,3.071428571428572,1,0,0,0,0,0,0,0,0,0,0,0,0,0
657,2016,3.071428571428572,0,1,0,0,0,0,0,0,0,0,0,0,0,0
657,2016,3.071428571428572,0,0,0,0,0,0,0,0,1,0,0,0,0,0
657,2016,3.071428571428572,0,0,0,0,0,0,0,0,0,0,0,0,1,0
658,2017,4.15625,1,0,0,0,0,0,0,0,0,0,0,0,0,0
658,2017,4.15625,0,1,0,0,0,0,0,0,0,0,0,0,0,0
658,2017,4.15625,0,0,0,0,0,0,0,0,1,0,0,0,0,0
659,2015,3.25,0,0,0,0,1,0,0,0,0,0,0,0,0,0
659,2015,3.25,0,0,0,0,0,1,0,0,0,0,0,0,0,0
659,2015,3.25,0,0,0,0,0,0,0,1,0,0,0,0,0,0
659,2015,3.25,0,0,0,0,0,0,0,0,0,0,0,1,0,0
660,2015,4.0,0,1,0,0,0,0,0,0,0,0,0,0,0,0
660,2015,4.0,0,0,0,0,0,0,0,1,0,0,0,0,0,0
660,2015,4.0,0,0,0,0,0,0,0,0,0,0,0,0,1,0
661,2015,3.6875,1,0,0,0,0,0,0,0,0,0,0,0,0,0
661,2015,3.6875,0,0,0,0,1,0,0,0,0,0,0,0,0,0
661,2015,3.6875,0,0,0,0,0,1,0,0,0,0,0,0,0,0
662,2015,3.2,0,0,0,0,1,0,0,0,0,0,0,0,0,0
662,2015,3.2,0,0,0,0,0,0,0,0,0,0,0,1,0,0
663,2015,3.813953488372093,0,1,0,0,0,0,0,0,0,0,0,0,0,0
663,2015,3.813953488372093,0,0,1,0,0,0,0,0,0,0,0,0,0,0
663,2015,3.813953488372093,0,0,0,1,0,0,0,0,0,0,0,0,0,0
663,2015,3.813953488372093,0,0,0,0,1,0,0,0,0,0,0,0,0,0
663,2015,3.813953488372093,0,0,0,0,0,0,0,1,0,0,0,0,0,0
663,2015,3.813953488372093,0,0,0,0,0,0,0,0,1,0,0,0,0,0
664,2015,3.7,0,1,0,0,0,0,0,0,0,0,0,0,0,0
664,2015,3.7,0,0,0,0,0,0,0,0,0,0,0,0,1,0
665,2016,3.678571428571429,0,0,0,0,0,0,0,0,1,0,0,0,0,0
666,2016,2.9166666666666665,1,0,0,0,0,0,0,0,0,0,0,0,0,0
666,2016,2.9166666666666665,0,0,0,0,0,1,0,0,0,0,0,0,0,0
666,2016,2.9166666666666665,0,0,0,0,0,0,0,0,0,0,0,0,1,0
667,2016,3.466666666666667,1,0,0,0,0,0,0,0,0,0,0,0,0,0
667,2016,3.466666666666667,0,1,0,0,0,0,0,0,0,0,0,0,0,0
667,2016,3.466666666666667,0,0,0,0,0,0,0,0,0,0,0,0,1,0
668,2015,3.1666666666666665,0,1,0,0,0,0,0,0,0,0,0,0,0,0
668,2015,3.1666666666666665,0,0,1,0,0,0,0,0,0,0,0,0,0,0
668,2015,3.1666666666666665,0,0,0,1,0,0,0,0,0,0,0,0,0,0
668,2015,3.1666666666666665,0,0,0,0,1,0,0,0,0,0,0,0,0,0
669,2015,3.0588235294117645,1,0,0,0,0,0,0,0,0,0,0,0,0,0
669,2015,3.0588235294117645,0,1,0,0,0,0,0,0,0,0,0,0,0,0
669,2015,3.0588235294117645,0,0,0,0,0,1,0,0,0,0,0,0,0,0
670,2016,2.34375,1,0,0,0,0,0,0,0,0,0,0,0,0,0
670,2016,2.34375,0,1,0,0,0,0,0,0,0,0,0,0,0,0
670,2016,2.34375,0,0,0,0,0,0,0,0,1,0,0,0,0,0
670,2016,2.34375,0,0,0,0,0,0,0,0,0,0,0,0,1,0
671,2016,3.636363636363636,0,1,0,0,0,0,0,0,0,0,0,0,0,0
671,2016,3.636363636363636,0,0,0,0,0,0,0,1,0,0,0,0,0,0
671,2016,3.636363636363636,0,0,0,0,0,0,0,0,1,0,0,0,0,0
672,2015,3.4722222222222223,1,0,0,0,0,0,0,0,0,0,0,0,0,0
672,2015,3.4722222222222223,0,1,0,0,0,0,0,0,0,0,0,0,0,0
672,2015,3.4722222222222223,0,0,0,0,1,0,0,0,0,0,0,0,0,0
673,2015,3.903225806451613,0,1,0,0,0,0,0,0,0,0,0,0,0,0
673,2015,3.903225806451613,0,0,0,0,0,0,0,1,0,0,0,0,0,0
674,2015,3.5454545454545454,0,0,0,0,0,1,0,0,0,0,0,0,0,0
674,2015,3.5454545454545454,0,0,0,0,0,0,0,1,0,0,0,0,0,0
674,2015,3.5454545454545454,0,0,0,0,0,0,0,0,0,0,1,0,0,0
675,2015,3.6538461538461537,0,0,0,0,1,0,0,0,0,0,0,0,0,0
676,2015,4.157894736842105,0,0,0,0,0,0,0,0,0,0,0,0,0,1
677,2017,3.3076923076923075,1,0,0,0,0,0,0,0,0,0,0,0,0,0
677,2017,3.3076923076923075,0,1,0,0,0,0,0,0,0,0,0,0,0,0
677,2017,3.3076923076923075,0,0,0,0,0,0,0,0,1,0,0,0,0,0
678,2015,3.9615384615384617,0,0,0,0,0,0,0,1,0,0,0,0,0,0
679,2016,3.85,1,0,0,0,0,0,0,0,0,0,0,0,0,0
679,2016,3.85,0,0,0,0,0,1,0,0,0,0,0,0,0,0
679,2016,3.85,0,0,0,0,0,0,0,1,0,0,0,0,0,0
679,2016,3.85,0,0,0,0,0,0,0,0,0,0,1,0,0,0
679,2016,3.85,0,0,0,0,0,0,0,0,0,0,0,0,0,1
680,2016,3.678571428571429,0,0,0,0,0,0,0,0,0,0,0,0,0,1
681,2016,3.890625,1,0,0,0,0,0,0,0,0,0,0,0,0,0
681,2016,3.890625,0,1,0,0,0,0,0,0,0,0,0,0,0,0
681,2016,3.890625,0,0,1,0,0,0,0,0,0,0,0,0,0,0
681,2016,3.890625,0,0,0,1,0,0,0,0,0,0,0,0,0,0
681,2016,3.890625,0,0,0,0,1,0,0,0,0,0,0,0,0,0
682,2016,3.576923076923077,0,1,0,0,0,0,0,0,0,0,0,0,0,0
682,2016,3.576923076923077,0,0,1,0,0,0,0,0,0,0,0,0,0,0
682,2016,3.576923076923077,0,0,0,0,1,0,0,0,0,0,0,0,0,0
683,2016,3.8333333333333335,0,0,0,0,0,1,0,0,0,0,0,0,0,0
683,2016,3.8333333333333335,0,0,0,0,0,0,0,0,0,0,1,0,0,0
683,2016,3.8333333333333335,0,0,0,0,0,0,0,0,0,0,0,0,0,1
684,2016,3.636363636363636,1,0,0,0,0,0,0,0,0,0,0,0,0,0
684,2016,3.636363636363636,0,0,0,0,1,0,0,0,0,0,0,0,0,0
684,2016,3.636363636363636,0,0,0,0,0,0,0,0,0,0,0,0,0,1
685,2016,3.980769230769231,0,0,0,0,0,0,0,0,0,0,0,0,1,0
686,2016,3.45,0,1,0,0,0,0,0,0,0,0,0,0,0,0
686,2016,3.45,0,0,1,0,0,0,0,0,0,0,0,0,0,0
686,2016,3.45,0,0,0,1,0,0,0,0,0,0,0,0,0,0
686,2016,3.45,0,0,0,0,1,0,0,0,0,0,0,0,0,0
686,2016,3.45,0,0,0,0,0,0,0,0,1,0,0,0,0,0
687,2016,3.925925925925926,1,0,0,0,0,0,0,0,0,0,0,0,0,0
687,2016,3.925925925925926,0,1,0,0,0,0,0,0,0,0,0,0,0,0
687,2016,3.925925925925926,0,0,0,0,0,0,0,0,1,0,0,0,0,0
687,2016,3.925925925925926,0,0,0,0,0,0,0,0,0,0,0,0,1,0
688,2016,3.8,0,0,0,0,0,0,0,1,0,0,0,0,0,0
689,2017,3.633333333333333,0,0,0,0,0,0,0,0,0,1,0,0,0,0
690,2017,4.28,1,0,0,0,0,0,0,0,0,0,0,0,0,0
690,2017,4.28,0,0,0,0,0,0,0,0,0,0,0,0,1,0
691,2017,3.8055555555555554,0,0,0,0,0,0,0,0,0,0,0,0,1,0
692,2017,3.5384615384615383,0,1,0,0,0,0,0,0,0,0,0,0,0,0
692,2017,3.5384615384615383,0,0,1,0,0,0,0,0,0,0,0,0,0,0
692,2017,3.5384615384615383,0,0,0,1,0,0,0,0,0,0,0,0,0,0
693,2017,3.125,1,0,0,0,0,0,0,0,0,0,0,0,0,0
693,2017,3.125,0,1,0,0,0,0,0,0,0,0,0,0,0,0
693,2017,3.125,0,0,0,0,0,0,0,0,1,0,0,0,0,0
693,2017,3.125,0,0,0,0,0,0,0,0,0,0,0,0,1,0
694,2018,3.875,1,0,0,0,0,0,0,0,0,0,0,0,0,0
694,2018,3.875,0,0,0,0,1,0,0,0,0,0,0,0,0,0
694,2018,3.875,0,0,0,0,0,0,0,0,0,0,0,0,1,0
